/*
 Navicat Premium Data Transfer

 Source Server         : root
 Source Server Type    : MySQL
 Source Server Version : 50726 (5.7.26)
 Source Host           : localhost:3306
 Source Schema         : ruoshui-jz

 Target Server Type    : MySQL
 Target Server Version : 50726 (5.7.26)
 File Encoding         : 65001

 Date: 26/01/2023 11:53:15
*/

SET NAMES utf8mb4;
SET FOREIGN_KEY_CHECKS = 0;

-- ----------------------------
-- Table structure for jz_admin
-- ----------------------------
DROP TABLE IF EXISTS `jz_admin`;
CREATE TABLE `jz_admin`  (
  `id` int(10) UNSIGNED NOT NULL AUTO_INCREMENT COMMENT '用户编号',
  `uname` varchar(255) CHARACTER SET utf8mb4 COLLATE utf8mb4_general_ci NOT NULL COMMENT '用户名',
  `pwd` varchar(255) CHARACTER SET utf8mb4 COLLATE utf8mb4_general_ci NOT NULL COMMENT '用户pwd',
  `add_time` datetime NOT NULL COMMENT '注册时间',
  `last_time` datetime NOT NULL ON UPDATE CURRENT_TIMESTAMP COMMENT '最近登录时间',
  PRIMARY KEY (`id`) USING BTREE
) ENGINE = InnoDB AUTO_INCREMENT = 2 CHARACTER SET = utf8mb4 COLLATE = utf8mb4_general_ci COMMENT = '这是一个账户表' ROW_FORMAT = Dynamic;

-- ----------------------------
-- Records of jz_admin
-- ----------------------------
INSERT INTO `jz_admin` VALUES (1, 'srq', '123456', '2023-01-21 12:00:39', '2023-01-26 11:01:51');

-- ----------------------------
-- Table structure for jz_cost
-- ----------------------------
DROP TABLE IF EXISTS `jz_cost`;
CREATE TABLE `jz_cost`  (
  `id` int(10) UNSIGNED NOT NULL AUTO_INCREMENT COMMENT '记账编号',
  `remark` varchar(255) CHARACTER SET utf8mb4 COLLATE utf8mb4_general_ci NOT NULL COMMENT '记账备注',
  `add_time` date NOT NULL COMMENT '记账时间',
  `u_money` decimal(10, 2) NOT NULL COMMENT '经费明细',
  `u_name` varchar(255) CHARACTER SET utf8mb4 COLLATE utf8mb4_general_ci NOT NULL COMMENT '登记人',
  PRIMARY KEY (`id`) USING BTREE
) ENGINE = InnoDB AUTO_INCREMENT = 51 CHARACTER SET = utf8mb4 COLLATE = utf8mb4_general_ci COMMENT = '这是一个记账明细表' ROW_FORMAT = Dynamic;

-- ----------------------------
-- Records of jz_cost
-- ----------------------------
INSERT INTO `jz_cost` VALUES (1, 'ajO56fK68y', '2023-01-18', 77.67, 'Pan Rui');
INSERT INTO `jz_cost` VALUES (2, 'drDybFozzk', '2012-02-18', 762.69, 'Fong Wing Sze');
INSERT INTO `jz_cost` VALUES (3, 'UKwW2hrds4', '2009-07-06', 65.72, 'Ng Wing Sze');
INSERT INTO `jz_cost` VALUES (4, 'wZk1J2ehp0', '2021-11-19', 405.89, 'Nicholas Miller');
INSERT INTO `jz_cost` VALUES (5, 'LmXURvb7tE', '2005-06-07', 339.22, 'Joanne Smith');
INSERT INTO `jz_cost` VALUES (6, '2J6VfgTzvg', '2008-10-14', 41.37, 'Chic Siu Wai');
INSERT INTO `jz_cost` VALUES (7, 'glbxDgSjjI', '2014-11-19', 726.47, 'Su Jiehong');
INSERT INTO `jz_cost` VALUES (8, 'WEkwryH9Pz', '2012-08-29', 666.24, 'Wada Daisuke');
INSERT INTO `jz_cost` VALUES (9, 'ByC1btpNi0', '2007-04-10', 762.79, 'Kong Ka Ming');
INSERT INTO `jz_cost` VALUES (10, '6R407uZcrh', '2017-10-02', 981.77, 'Kao Kwok Ming');
INSERT INTO `jz_cost` VALUES (11, 'cjLMYNr7cO', '2009-02-04', 914.88, 'Virginia Perry');
INSERT INTO `jz_cost` VALUES (12, 'AkKXaEnTYp', '2012-01-24', 103.76, 'Ma Yunxi');
INSERT INTO `jz_cost` VALUES (13, 'pOYs5M57MN', '2006-12-06', 84.27, 'Fu Xiaoming');
INSERT INTO `jz_cost` VALUES (14, '4Jo3dZtkeS', '2010-07-03', 800.33, 'Arai Aoi');
INSERT INTO `jz_cost` VALUES (15, 'm34PERF3i0', '2021-07-30', 940.22, 'Hara Aoi');
INSERT INTO `jz_cost` VALUES (16, 'BVHmVcszZO', '2009-09-13', 576.28, 'Arai Ikki');
INSERT INTO `jz_cost` VALUES (17, '5djAMg8Lkf', '2019-03-20', 966.82, 'Clara Tucker');
INSERT INTO `jz_cost` VALUES (18, 'SgE3HEK6WM', '2002-12-17', 113.01, 'Kam Yun Fat');
INSERT INTO `jz_cost` VALUES (19, 'lgSGz6eQKL', '2015-07-06', 851.39, 'Wan Ka Ming');
INSERT INTO `jz_cost` VALUES (20, 'dDCFKl60Xl', '2016-07-19', 554.14, 'Kinoshita Kazuma');
INSERT INTO `jz_cost` VALUES (21, 's85vfcgEtc', '2018-01-26', 562.04, 'Che Tak Wah');
INSERT INTO `jz_cost` VALUES (22, 'tLrzVAXgTC', '2018-04-03', 496.45, 'Cui Jialun');
INSERT INTO `jz_cost` VALUES (23, 's770nDWaMS', '2013-05-27', 563.63, 'Steve Brown');
INSERT INTO `jz_cost` VALUES (24, '1Do3yZqaej', '2010-10-23', 286.68, 'Sean Hicks');
INSERT INTO `jz_cost` VALUES (25, 'v0kyhzntUo', '2016-10-06', 903.11, 'Ying Ka Fai');
INSERT INTO `jz_cost` VALUES (26, 'de2y2DRFPO', '2017-05-02', 591.24, 'Jiang Xiuying');
INSERT INTO `jz_cost` VALUES (27, 'eQ93KTVJ14', '2002-08-20', 498.25, 'Cho Sze Yu');
INSERT INTO `jz_cost` VALUES (28, 'ytsQdOCppU', '2015-01-22', 116.58, 'Walter Martin');
INSERT INTO `jz_cost` VALUES (29, 'Tu1JykwEEh', '2001-06-12', 470.33, 'Hu Anqi');
INSERT INTO `jz_cost` VALUES (30, 'cFagDip7bo', '2019-03-12', 573.38, 'Xia Zhiyuan');
INSERT INTO `jz_cost` VALUES (31, 'nJvgiETzgD', '2015-04-21', 616.25, 'Tao Jiehong');
INSERT INTO `jz_cost` VALUES (32, '009QqrXCug', '2011-12-14', 820.02, 'Lu Rui');
INSERT INTO `jz_cost` VALUES (33, 'B8Is7pPZ32', '2017-07-01', -993.07, 'Troy Reed');
INSERT INTO `jz_cost` VALUES (34, 'XRycSYOnqX', '2001-11-21', 376.55, 'Zhong Jialun');
INSERT INTO `jz_cost` VALUES (35, 'uHmvvE7WxO', '2002-03-01', 1.39, 'Lui Cho Yee');
INSERT INTO `jz_cost` VALUES (36, 'QCy1pvjhzL', '2010-07-29', 414.41, 'Ellen Gonzales');
INSERT INTO `jz_cost` VALUES (37, '5Wi8QtuObx', '2008-04-25', 429.21, 'Sakamoto Daichi');
INSERT INTO `jz_cost` VALUES (38, 'sM9HRSzfFa', '2017-05-17', 242.55, 'Robin Garcia');
INSERT INTO `jz_cost` VALUES (39, 'fsTo1PiVL8', '2003-02-10', 518.33, 'Chung Tin Lok');
INSERT INTO `jz_cost` VALUES (40, 'lneqlkm0Jt', '2022-06-25', 306.33, 'Shibata Kaito');
INSERT INTO `jz_cost` VALUES (41, 'XAVl1eOgUd', '2014-06-10', 219.24, 'Xue Shihan');
INSERT INTO `jz_cost` VALUES (42, 'KgCB1XYott', '2012-04-19', 125.97, 'Yung Hui Mei');
INSERT INTO `jz_cost` VALUES (43, 'TVEO1y8mHA', '2018-10-02', 106.06, 'Lu Jiehong');
INSERT INTO `jz_cost` VALUES (44, 'GkoCWKe33o', '2004-07-25', 522.96, 'Huang Anqi');
INSERT INTO `jz_cost` VALUES (45, 'M6dCTNhPiL', '2021-03-10', 395.79, 'Zheng Anqi');
INSERT INTO `jz_cost` VALUES (46, '8i2vdf7HYJ', '2000-11-02', 677.64, 'Xia Zhennan');
INSERT INTO `jz_cost` VALUES (47, 'm37Fzk5ghy', '2018-01-21', 217.00, 'Lois Walker');
INSERT INTO `jz_cost` VALUES (48, 'bVvrW38Ona', '2002-01-17', 801.89, 'Takeda Mio');
INSERT INTO `jz_cost` VALUES (49, 'EKdbTJf0we', '2012-01-11', 27.79, 'Gerald Dunn');
INSERT INTO `jz_cost` VALUES (50, '李四111', '2023-01-22', 166.00, '李四');

-- ----------------------------
-- Table structure for jz_project_c
-- ----------------------------
DROP TABLE IF EXISTS `jz_project_c`;
CREATE TABLE `jz_project_c`  (
  `cid` int(10) UNSIGNED NOT NULL AUTO_INCREMENT COMMENT '分类id',
  `c_name` varchar(255) CHARACTER SET utf8mb4 COLLATE utf8mb4_general_ci NOT NULL COMMENT '分类名',
  `c_add_time` date NOT NULL COMMENT '分类添加时间',
  `icon_color` varchar(255) CHARACTER SET utf8mb4 COLLATE utf8mb4_general_ci NULL DEFAULT NULL COMMENT '分类icon图标颜色',
  PRIMARY KEY (`cid`) USING BTREE
) ENGINE = InnoDB AUTO_INCREMENT = 6 CHARACTER SET = utf8mb4 COLLATE = utf8mb4_general_ci COMMENT = '这是一个项目分类表' ROW_FORMAT = Dynamic;

-- ----------------------------
-- Records of jz_project_c
-- ----------------------------
INSERT INTO `jz_project_c` VALUES (1, '其他', '2023-01-25', NULL);
INSERT INTO `jz_project_c` VALUES (2, '收支-报告编制', '2023-01-25', 'rgb(219, 237, 219)');
INSERT INTO `jz_project_c` VALUES (3, '收支-科技论文', '2023-01-25', 'rgb(253, 236, 200)');
INSERT INTO `jz_project_c` VALUES (4, '收支-编程课程', '2023-01-25', 'rgb(211, 229, 239)');
INSERT INTO `jz_project_c` VALUES (5, '收支-软件开发与平面设计', '2023-01-25', 'rgba(35, 131, 226, 0.28)');

-- ----------------------------
-- Table structure for jz_project_total
-- ----------------------------
DROP TABLE IF EXISTS `jz_project_total`;
CREATE TABLE `jz_project_total`  (
  `id` int(10) UNSIGNED NOT NULL AUTO_INCREMENT COMMENT '明细编号',
  `r_name` varchar(255) CHARACTER SET utf8mb4 COLLATE utf8mb4_general_ci NOT NULL COMMENT '负责人名称',
  `p_name` varchar(255) CHARACTER SET utf8mb4 COLLATE utf8mb4_general_ci NOT NULL COMMENT '项目名称',
  `cid` int(10) UNSIGNED NOT NULL COMMENT '项目类别cid',
  `p_money` decimal(10, 2) NOT NULL COMMENT '已结余费用',
  `t_money` decimal(10, 2) NOT NULL COMMENT '总费用',
  `add_time` date NOT NULL COMMENT '记账时间',
  `is_ok` tinyint(3) UNSIGNED NOT NULL COMMENT '0已完成1部分结余2未结余',
  PRIMARY KEY (`id`) USING BTREE
) ENGINE = InnoDB AUTO_INCREMENT = 1001 CHARACTER SET = utf8mb4 COLLATE = utf8mb4_general_ci COMMENT = '这是一个项目情况表' ROW_FORMAT = Dynamic;

-- ----------------------------
-- Records of jz_project_total
-- ----------------------------
INSERT INTO `jz_project_total` VALUES (1, '曾安琪', 'Tsubasa Electronic Corporation', 5, 628.79, 1000.00, '2022-08-18', 0);
INSERT INTO `jz_project_total` VALUES (2, '沈杰宏', 'Tong Kee Engineering Limited', 1, 210.81, 1000.00, '2021-03-23', 1);
INSERT INTO `jz_project_total` VALUES (3, '胡詩涵', 'Black Brothers Engineering LLC', 2, 609.02, 1000.00, '2021-09-03', 1);
INSERT INTO `jz_project_total` VALUES (4, '侯嘉伦', 'Yu Ling Electronic Limited', 4, 947.93, 1000.00, '2021-07-11', 1);
INSERT INTO `jz_project_total` VALUES (5, '廖晓明', 'Saito Corporation', 3, 671.87, 1000.00, '2020-01-29', 0);
INSERT INTO `jz_project_total` VALUES (6, '袁秀英', 'Chung Yin Property Limited', 5, 561.08, 1000.00, '2020-01-04', 0);
INSERT INTO `jz_project_total` VALUES (7, '邵杰宏', 'Yu Kee Company Limited', 1, 364.40, 1000.00, '2020-11-14', 0);
INSERT INTO `jz_project_total` VALUES (8, '田安琪', 'Hao Kee Technology Company Limited', 5, 371.65, 1000.00, '2020-08-26', 0);
INSERT INTO `jz_project_total` VALUES (9, '孔秀英', 'Jesus Inc.', 3, 616.28, 1000.00, '2020-12-10', 1);
INSERT INTO `jz_project_total` VALUES (10, '邹詩涵', 'Zitao Company Limited', 2, 620.66, 1000.00, '2021-07-22', 1);
INSERT INTO `jz_project_total` VALUES (11, '赵震南', 'Wai Han Industrial Limited', 1, 179.14, 1000.00, '2022-09-18', 1);
INSERT INTO `jz_project_total` VALUES (12, '蒋嘉伦', 'Meng Kee Company Limited', 3, 667.57, 1000.00, '2021-02-21', 1);
INSERT INTO `jz_project_total` VALUES (13, '萧杰宏', 'Gao Consultants Company Limited', 2, 376.20, 1000.00, '2021-05-11', 2);
INSERT INTO `jz_project_total` VALUES (14, '林秀英', 'Donna Food LLC', 4, 541.82, 1000.00, '2020-01-02', 1);
INSERT INTO `jz_project_total` VALUES (15, '黄云熙', 'Marshall Food LLC', 4, 135.44, 1000.00, '2020-03-12', 1);
INSERT INTO `jz_project_total` VALUES (16, '武睿', 'Tsubasa Corporation', 4, 815.58, 1000.00, '2022-11-21', 1);
INSERT INTO `jz_project_total` VALUES (17, '潘安琪', 'Arimura Corporation', 4, 176.35, 1000.00, '2021-06-02', 0);
INSERT INTO `jz_project_total` VALUES (18, '尹嘉伦', 'Hikaru Corporation', 2, 846.22, 1000.00, '2022-03-20', 1);
INSERT INTO `jz_project_total` VALUES (19, '戴璐', 'Imai Network Systems Corporation', 3, 495.07, 1000.00, '2020-12-28', 1);
INSERT INTO `jz_project_total` VALUES (20, '唐宇宁', 'Carol Inc.', 4, 245.34, 1000.00, '2022-10-27', 1);
INSERT INTO `jz_project_total` VALUES (21, '毛杰宏', 'Sakura Corporation', 2, 686.34, 1000.00, '2021-11-19', 1);
INSERT INTO `jz_project_total` VALUES (22, '黎秀英', 'Kenta Food Corporation', 2, 413.49, 1000.00, '2022-05-14', 0);
INSERT INTO `jz_project_total` VALUES (23, '黎宇宁', 'Taylor Brothers Consultants Inc.', 3, 329.44, 1000.00, '2020-11-27', 2);
INSERT INTO `jz_project_total` VALUES (24, '徐岚', 'Wang Kee Network Systems Company Limited', 3, 273.87, 1000.00, '2021-07-05', 0);
INSERT INTO `jz_project_total` VALUES (25, '段安琪', 'Rena Food Corporation', 3, 629.18, 1000.00, '2021-10-26', 1);
INSERT INTO `jz_project_total` VALUES (26, '武云熙', 'Sze Yu Pharmaceutical Limited', 3, 695.56, 1000.00, '2020-12-13', 1);
INSERT INTO `jz_project_total` VALUES (27, '秦子异', 'Uchida Technology Corporation', 3, 512.91, 1000.00, '2022-02-09', 1);
INSERT INTO `jz_project_total` VALUES (28, '郝安琪', 'Shibata Food Corporation', 4, 509.94, 1000.00, '2021-10-08', 2);
INSERT INTO `jz_project_total` VALUES (29, '严秀英', 'Rin Corporation', 2, 246.47, 1000.00, '2020-07-15', 2);
INSERT INTO `jz_project_total` VALUES (30, '崔震南', 'Zhong Kee Consultants Company Limited', 3, 761.10, 1000.00, '2021-08-12', 0);
INSERT INTO `jz_project_total` VALUES (31, '邱安琪', 'Rin Corporation', 5, 492.92, 1000.00, '2020-08-24', 2);
INSERT INTO `jz_project_total` VALUES (32, '姜震南', 'Ren Electronic Corporation', 2, 496.68, 1000.00, '2020-11-30', 1);
INSERT INTO `jz_project_total` VALUES (33, '贾詩涵', 'Choi\'s Limited', 3, 587.80, 1000.00, '2022-10-03', 1);
INSERT INTO `jz_project_total` VALUES (34, '杨致远', 'Tong\'s Limited', 2, 221.35, 1000.00, '2021-01-17', 1);
INSERT INTO `jz_project_total` VALUES (35, '蒋云熙', 'Marilyn Food LLC', 1, 374.51, 1000.00, '2022-03-10', 1);
INSERT INTO `jz_project_total` VALUES (36, '徐安琪', 'Ho Kee Limited', 2, 536.27, 1000.00, '2021-08-03', 0);
INSERT INTO `jz_project_total` VALUES (37, '傅晓明', 'Momoka Consultants Corporation', 2, 640.90, 1000.00, '2022-04-15', 1);
INSERT INTO `jz_project_total` VALUES (38, '薛杰宏', 'Ching Wan Food Limited', 3, 730.00, 1000.00, '2021-04-24', 1);
INSERT INTO `jz_project_total` VALUES (39, '卢嘉伦', 'Eita Corporation', 1, 193.44, 1000.00, '2022-03-27', 1);
INSERT INTO `jz_project_total` VALUES (40, '曾詩涵', 'Yuen Kee Limited', 5, 656.20, 1000.00, '2021-06-10', 0);
INSERT INTO `jz_project_total` VALUES (41, '汤杰宏', 'Yamato Corporation', 4, 717.59, 1000.00, '2020-03-19', 1);
INSERT INTO `jz_project_total` VALUES (42, '石子韬', 'Fox Consultants LLC', 3, 103.88, 1000.00, '2022-01-29', 1);
INSERT INTO `jz_project_total` VALUES (43, '汤安琪', 'Joe Telecommunication Inc.', 3, 764.78, 1000.00, '2021-01-10', 1);
INSERT INTO `jz_project_total` VALUES (44, '常晓明', 'Kenta Corporation', 2, 741.00, 1000.00, '2021-03-06', 1);
INSERT INTO `jz_project_total` VALUES (45, '戴詩涵', 'Shimizu Corporation', 4, 142.50, 1000.00, '2022-02-14', 0);
INSERT INTO `jz_project_total` VALUES (46, '唐子异', 'Joel Inc.', 2, 826.20, 1000.00, '2021-09-07', 1);
INSERT INTO `jz_project_total` VALUES (47, '徐秀英', 'Morita Corporation', 3, 401.62, 1000.00, '2020-02-18', 0);
INSERT INTO `jz_project_total` VALUES (48, '汤宇宁', 'Graham Inc.', 2, 584.86, 1000.00, '2021-12-25', 0);
INSERT INTO `jz_project_total` VALUES (49, '刘子韬', 'Miu Corporation', 2, 496.90, 1000.00, '2022-12-19', 2);
INSERT INTO `jz_project_total` VALUES (50, '范云熙', 'Sasaki Food Corporation', 3, 818.48, 1000.00, '2021-10-24', 0);
INSERT INTO `jz_project_total` VALUES (51, '马睿', 'Keith Inc.', 1, 821.58, 1000.00, '2022-08-23', 1);
INSERT INTO `jz_project_total` VALUES (52, '董杰宏', 'Rice Technology LLC', 1, 274.64, 1000.00, '2020-11-25', 1);
INSERT INTO `jz_project_total` VALUES (53, '向子异', 'Wing Sze Limited', 1, 746.32, 1000.00, '2020-05-24', 1);
INSERT INTO `jz_project_total` VALUES (54, '秦睿', 'Wan Kee Trading Limited', 2, 898.62, 1000.00, '2020-06-18', 2);
INSERT INTO `jz_project_total` VALUES (55, '余璐', 'Yu Ling Electronic Limited', 3, 211.33, 1000.00, '2022-11-07', 1);
INSERT INTO `jz_project_total` VALUES (56, '冯致远', 'Cai Kee Company Limited', 2, 673.77, 1000.00, '2020-07-23', 0);
INSERT INTO `jz_project_total` VALUES (57, '高安琪', 'Thelma Technology Inc.', 4, 832.74, 1000.00, '2020-11-10', 0);
INSERT INTO `jz_project_total` VALUES (58, '邱嘉伦', 'Fong Kee Electronic Limited', 4, 223.73, 1000.00, '2020-01-04', 2);
INSERT INTO `jz_project_total` VALUES (59, '姚杰宏', 'Yota Corporation', 3, 579.12, 1000.00, '2020-04-20', 0);
INSERT INTO `jz_project_total` VALUES (60, '邹詩涵', 'Diaz Brothers Inc.', 4, 737.98, 1000.00, '2020-07-07', 1);
INSERT INTO `jz_project_total` VALUES (61, '夏子韬', 'Janet Toy Inc.', 2, 886.84, 1000.00, '2020-04-16', 1);
INSERT INTO `jz_project_total` VALUES (62, '谭岚', 'Rui Company Limited', 3, 612.60, 1000.00, '2020-11-12', 1);
INSERT INTO `jz_project_total` VALUES (63, '冯璐', 'Jenkins Brothers LLC', 4, 112.73, 1000.00, '2020-10-20', 1);
INSERT INTO `jz_project_total` VALUES (64, '常秀英', 'Wilson Brothers Trading Inc.', 2, 282.26, 1000.00, '2022-03-28', 2);
INSERT INTO `jz_project_total` VALUES (65, '黄詩涵', 'Zhennan Company Limited', 2, 495.59, 1000.00, '2022-05-01', 0);
INSERT INTO `jz_project_total` VALUES (66, '钟睿', 'Dawn Inc.', 4, 540.24, 1000.00, '2020-09-10', 1);
INSERT INTO `jz_project_total` VALUES (67, '罗璐', 'Rosa Consultants LLC', 3, 505.61, 1000.00, '2021-04-25', 1);
INSERT INTO `jz_project_total` VALUES (68, '傅秀英', 'Bailey Telecommunication LLC', 3, 659.35, 1000.00, '2022-03-25', 1);
INSERT INTO `jz_project_total` VALUES (69, '贺杰宏', 'Fu\'s Limited', 2, 261.48, 1000.00, '2021-02-15', 1);
INSERT INTO `jz_project_total` VALUES (70, '赵杰宏', 'Li Electronic Company Limited', 2, 239.97, 1000.00, '2020-02-23', 0);
INSERT INTO `jz_project_total` VALUES (71, '丁震南', 'Yunxi Consultants Company Limited', 4, 852.95, 1000.00, '2022-08-21', 0);
INSERT INTO `jz_project_total` VALUES (72, '田致远', 'Tao\'s Development & Trading Limited', 4, 791.69, 1000.00, '2021-01-31', 1);
INSERT INTO `jz_project_total` VALUES (73, '莫晓明', 'Freeman Brothers Consultants LLC', 2, 116.87, 1000.00, '2021-05-19', 0);
INSERT INTO `jz_project_total` VALUES (74, '武震南', 'Meyer Inc.', 4, 579.74, 1000.00, '2021-09-18', 1);
INSERT INTO `jz_project_total` VALUES (75, '贺致远', 'Ka Man Property Limited', 4, 351.15, 1000.00, '2022-11-06', 1);
INSERT INTO `jz_project_total` VALUES (76, '夏璐', 'Evans Brothers LLC', 4, 802.93, 1000.00, '2022-08-02', 2);
INSERT INTO `jz_project_total` VALUES (77, '吴晓明', 'Ku\'s Limited', 2, 432.83, 1000.00, '2020-06-24', 0);
INSERT INTO `jz_project_total` VALUES (78, '萧秀英', 'Kim\'s Technology LLC', 1, 300.09, 1000.00, '2021-10-30', 1);
INSERT INTO `jz_project_total` VALUES (79, '宋嘉伦', 'Wallace Brothers Telecommunication Inc.', 3, 137.26, 1000.00, '2022-07-16', 2);
INSERT INTO `jz_project_total` VALUES (80, '段云熙', 'Kato Communications Corporation', 3, 802.33, 1000.00, '2022-01-25', 1);
INSERT INTO `jz_project_total` VALUES (81, '石宇宁', 'Ching Wan Development & Trading Limited', 3, 295.21, 1000.00, '2020-08-10', 1);
INSERT INTO `jz_project_total` VALUES (82, '唐子异', 'Zhennan Company Limited', 5, 992.83, 1000.00, '2021-05-12', 0);
INSERT INTO `jz_project_total` VALUES (83, '龙晓明', 'Kaneko Network Systems Corporation', 4, 582.33, 1000.00, '2022-01-16', 1);
INSERT INTO `jz_project_total` VALUES (84, '何岚', 'Wai Yee Limited', 5, 429.53, 1000.00, '2022-02-10', 1);
INSERT INTO `jz_project_total` VALUES (85, '江詩涵', 'Virginia Pharmaceutical Inc.', 4, 169.32, 1000.00, '2022-01-30', 0);
INSERT INTO `jz_project_total` VALUES (86, '王云熙', 'Miura Corporation', 3, 302.15, 1000.00, '2020-04-01', 2);
INSERT INTO `jz_project_total` VALUES (87, '范杰宏', 'Wing Suen Limited', 4, 309.38, 1000.00, '2020-11-28', 1);
INSERT INTO `jz_project_total` VALUES (88, '金致远', 'Momoka Corporation', 5, 384.88, 1000.00, '2022-05-04', 0);
INSERT INTO `jz_project_total` VALUES (89, '段子韬', 'Jordan\'s LLC', 2, 878.91, 1000.00, '2021-09-27', 1);
INSERT INTO `jz_project_total` VALUES (90, '彭致远', 'Ryan Network Systems LLC', 2, 378.65, 1000.00, '2022-11-15', 0);
INSERT INTO `jz_project_total` VALUES (91, '侯安琪', 'Wu Kee Telecommunication Limited', 4, 847.98, 1000.00, '2022-05-10', 1);
INSERT INTO `jz_project_total` VALUES (92, '阎宇宁', 'Lan Network Systems Company Limited', 5, 917.07, 1000.00, '2021-03-12', 1);
INSERT INTO `jz_project_total` VALUES (93, '李致远', 'Heung\'s Engineering Limited', 5, 565.41, 1000.00, '2020-07-29', 1);
INSERT INTO `jz_project_total` VALUES (94, '邱震南', 'Jimmy Inc.', 4, 686.46, 1000.00, '2022-03-09', 0);
INSERT INTO `jz_project_total` VALUES (95, '姚震南', 'Shihan Electronic Company Limited', 5, 461.52, 1000.00, '2021-03-10', 1);
INSERT INTO `jz_project_total` VALUES (96, '宋嘉伦', 'Hunter\'s LLC', 3, 128.11, 1000.00, '2022-11-15', 1);
INSERT INTO `jz_project_total` VALUES (97, '杜子韬', 'Jiehong Toy Company Limited', 1, 384.54, 1000.00, '2020-11-11', 1);
INSERT INTO `jz_project_total` VALUES (98, '邵子异', 'Takuya Corporation', 4, 278.69, 1000.00, '2021-10-23', 1);
INSERT INTO `jz_project_total` VALUES (99, '任宇宁', 'Kim\'s Toy LLC', 2, 937.29, 1000.00, '2022-02-26', 1);
INSERT INTO `jz_project_total` VALUES (100, '方秀英', 'Adams Trading LLC', 4, 210.38, 1000.00, '2021-08-06', 0);
INSERT INTO `jz_project_total` VALUES (101, '蔡璐', 'On Kay Pharmaceutical Limited', 3, 394.48, 1000.00, '2020-11-10', 2);
INSERT INTO `jz_project_total` VALUES (102, '姚璐', 'Harris Inc.', 5, 220.19, 1000.00, '2021-10-27', 1);
INSERT INTO `jz_project_total` VALUES (103, '常岚', 'Roberts\'s LLC', 5, 884.33, 1000.00, '2022-10-28', 1);
INSERT INTO `jz_project_total` VALUES (104, '崔子异', 'Christina Pharmaceutical LLC', 2, 179.67, 1000.00, '2020-05-15', 0);
INSERT INTO `jz_project_total` VALUES (105, '江子异', 'Jiang Food Company Limited', 1, 692.35, 1000.00, '2023-01-03', 2);
INSERT INTO `jz_project_total` VALUES (106, '郭杰宏', 'Scott Electronic Inc.', 4, 398.72, 1000.00, '2022-10-17', 1);
INSERT INTO `jz_project_total` VALUES (107, '孙杰宏', 'Murakami Corporation', 5, 644.80, 1000.00, '2020-07-20', 1);
INSERT INTO `jz_project_total` VALUES (108, '蒋晓明', 'Tang\'s Network Systems Limited', 3, 548.82, 1000.00, '2021-01-04', 1);
INSERT INTO `jz_project_total` VALUES (109, '汪秀英', 'Moore Brothers Food LLC', 3, 880.03, 1000.00, '2022-11-26', 2);
INSERT INTO `jz_project_total` VALUES (110, '赵子韬', 'Tin\'s Development & Trading Limited', 5, 952.06, 1000.00, '2022-08-04', 2);
INSERT INTO `jz_project_total` VALUES (111, '卢子韬', 'Yan Kee Communications Company Limited', 4, 271.14, 1000.00, '2020-11-29', 2);
INSERT INTO `jz_project_total` VALUES (112, '罗安琪', 'Tsz Ching Network Systems Limited', 4, 747.06, 1000.00, '2022-01-19', 0);
INSERT INTO `jz_project_total` VALUES (113, '姚璐', 'Sato Corporation', 2, 771.44, 1000.00, '2022-02-21', 1);
INSERT INTO `jz_project_total` VALUES (114, '谢詩涵', 'Mary Communications Inc.', 3, 852.53, 1000.00, '2020-12-24', 0);
INSERT INTO `jz_project_total` VALUES (115, '曹詩涵', 'Barnes Brothers Engineering LLC', 4, 464.53, 1000.00, '2021-01-24', 1);
INSERT INTO `jz_project_total` VALUES (116, '彭宇宁', 'Ellis Brothers LLC', 4, 855.40, 1000.00, '2020-12-25', 1);
INSERT INTO `jz_project_total` VALUES (117, '朱晓明', 'Deng Company Limited', 2, 231.36, 1000.00, '2021-06-16', 0);
INSERT INTO `jz_project_total` VALUES (118, '程詩涵', 'Bernard Consultants Inc.', 3, 579.10, 1000.00, '2022-09-29', 1);
INSERT INTO `jz_project_total` VALUES (119, '贺詩涵', 'Kwok Wing Property Limited', 2, 224.20, 1000.00, '2020-09-25', 1);
INSERT INTO `jz_project_total` VALUES (120, '邹杰宏', 'Tina Logistic Inc.', 3, 292.46, 1000.00, '2020-06-14', 1);
INSERT INTO `jz_project_total` VALUES (121, '林震南', 'Momoe Consultants Corporation', 3, 662.93, 1000.00, '2021-10-22', 2);
INSERT INTO `jz_project_total` VALUES (122, '姜子异', 'Jiehong Trading Company Limited', 5, 233.91, 1000.00, '2023-01-18', 0);
INSERT INTO `jz_project_total` VALUES (123, '郝睿', 'Hazuki Residence Corporation', 3, 484.87, 1000.00, '2022-08-14', 1);
INSERT INTO `jz_project_total` VALUES (124, '林杰宏', 'Tin Wing Pharmaceutical Limited', 4, 150.30, 1000.00, '2021-09-09', 1);
INSERT INTO `jz_project_total` VALUES (125, '熊安琪', 'Chieh Lun Network Systems Limited', 4, 451.49, 1000.00, '2021-02-23', 0);
INSERT INTO `jz_project_total` VALUES (126, '刘睿', 'Lu Company Limited', 4, 804.19, 1000.00, '2021-08-11', 1);
INSERT INTO `jz_project_total` VALUES (127, '向嘉伦', 'Fat Limited', 3, 219.26, 1000.00, '2020-10-18', 1);
INSERT INTO `jz_project_total` VALUES (128, '郝致远', 'Loui Kee Consultants Limited', 3, 280.26, 1000.00, '2020-02-28', 0);
INSERT INTO `jz_project_total` VALUES (129, '许云熙', 'Ayato Corporation', 1, 106.11, 1000.00, '2020-01-18', 1);
INSERT INTO `jz_project_total` VALUES (130, '黎震南', 'Jialun Food Company Limited', 1, 221.98, 1000.00, '2022-09-30', 1);
INSERT INTO `jz_project_total` VALUES (131, '姜岚', 'Seiko Corporation', 1, 471.84, 1000.00, '2021-03-24', 2);
INSERT INTO `jz_project_total` VALUES (132, '袁岚', 'Yamato Pharmaceutical Corporation', 3, 365.62, 1000.00, '2022-07-20', 1);
INSERT INTO `jz_project_total` VALUES (133, '龙安琪', 'Wright Brothers LLC', 1, 657.23, 1000.00, '2021-06-07', 0);
INSERT INTO `jz_project_total` VALUES (134, '萧云熙', 'Yamashita Corporation', 4, 747.68, 1000.00, '2020-07-06', 2);
INSERT INTO `jz_project_total` VALUES (135, '邓晓明', 'Roger Toy Inc.', 4, 221.44, 1000.00, '2022-02-18', 1);
INSERT INTO `jz_project_total` VALUES (136, '高杰宏', 'Jiehong Pharmaceutical Company Limited', 3, 959.29, 1000.00, '2022-04-29', 2);
INSERT INTO `jz_project_total` VALUES (137, '魏睿', 'Yeow\'s Food Limited', 3, 104.37, 1000.00, '2020-02-14', 0);
INSERT INTO `jz_project_total` VALUES (138, '崔岚', 'Wright Inc.', 3, 151.45, 1000.00, '2022-10-20', 1);
INSERT INTO `jz_project_total` VALUES (139, '杨云熙', 'Rui Company Limited', 4, 839.85, 1000.00, '2021-08-29', 2);
INSERT INTO `jz_project_total` VALUES (140, '萧晓明', 'Chun Yu Logistic Limited', 4, 240.27, 1000.00, '2022-12-11', 1);
INSERT INTO `jz_project_total` VALUES (141, '郝云熙', 'Airi Corporation', 1, 642.16, 1000.00, '2022-12-06', 1);
INSERT INTO `jz_project_total` VALUES (142, '汪嘉伦', 'Zeng Kee Toy Company Limited', 5, 531.61, 1000.00, '2022-08-27', 1);
INSERT INTO `jz_project_total` VALUES (143, '黎云熙', 'Nanami Corporation', 1, 848.69, 1000.00, '2021-10-04', 1);
INSERT INTO `jz_project_total` VALUES (144, '石杰宏', 'Jialun Company Limited', 2, 808.72, 1000.00, '2021-08-02', 1);
INSERT INTO `jz_project_total` VALUES (145, '崔詩涵', 'Jackson Network Systems LLC', 4, 439.39, 1000.00, '2020-06-02', 1);
INSERT INTO `jz_project_total` VALUES (146, '韦秀英', 'Lu Company Limited', 4, 576.78, 1000.00, '2020-03-14', 1);
INSERT INTO `jz_project_total` VALUES (147, '崔秀英', 'Lin Kee Company Limited', 2, 380.10, 1000.00, '2022-11-03', 1);
INSERT INTO `jz_project_total` VALUES (148, '杨子韬', 'Yu Development & Trading Company Limited', 3, 617.70, 1000.00, '2020-08-21', 0);
INSERT INTO `jz_project_total` VALUES (149, '邹子异', 'Mai Corporation', 2, 640.03, 1000.00, '2022-11-01', 1);
INSERT INTO `jz_project_total` VALUES (150, '向詩涵', 'Michael Software Inc.', 3, 204.47, 1000.00, '2020-12-15', 0);
INSERT INTO `jz_project_total` VALUES (151, '莫嘉伦', 'Rebecca Inc.', 3, 547.75, 1000.00, '2021-07-01', 1);
INSERT INTO `jz_project_total` VALUES (152, '谢岚', 'Yue Kee Logistic Limited', 3, 582.50, 1000.00, '2020-12-31', 1);
INSERT INTO `jz_project_total` VALUES (153, '沈震南', 'Ichikawa Corporation', 3, 360.28, 1000.00, '2022-08-07', 1);
INSERT INTO `jz_project_total` VALUES (154, '黄秀英', 'Suzuki Corporation', 5, 677.12, 1000.00, '2020-09-24', 0);
INSERT INTO `jz_project_total` VALUES (155, '苏晓明', 'Siu Wai Industrial Limited', 4, 859.56, 1000.00, '2020-09-15', 1);
INSERT INTO `jz_project_total` VALUES (156, '汪震南', 'Shino Corporation', 3, 387.17, 1000.00, '2020-04-27', 2);
INSERT INTO `jz_project_total` VALUES (157, '夏宇宁', 'Zhennan Network Systems Company Limited', 4, 150.58, 1000.00, '2022-10-19', 2);
INSERT INTO `jz_project_total` VALUES (158, '董云熙', 'Chin\'s Limited', 5, 367.54, 1000.00, '2022-01-01', 1);
INSERT INTO `jz_project_total` VALUES (159, '陈云熙', 'Butler Brothers Inc.', 4, 451.58, 1000.00, '2020-11-14', 2);
INSERT INTO `jz_project_total` VALUES (160, '夏致远', 'Tak Wah Food Limited', 1, 692.92, 1000.00, '2020-10-18', 1);
INSERT INTO `jz_project_total` VALUES (161, '张睿', 'Craig LLC', 5, 856.83, 1000.00, '2020-12-17', 1);
INSERT INTO `jz_project_total` VALUES (162, '郝嘉伦', 'Han Kee Technology Company Limited', 2, 305.07, 1000.00, '2021-09-11', 1);
INSERT INTO `jz_project_total` VALUES (163, '石安琪', 'Nomura Toy Corporation', 3, 705.04, 1000.00, '2021-06-06', 0);
INSERT INTO `jz_project_total` VALUES (164, '严岚', 'Yeung\'s Limited', 4, 275.72, 1000.00, '2020-01-21', 0);
INSERT INTO `jz_project_total` VALUES (165, '邓睿', 'Rui Development & Trading Company Limited', 5, 425.54, 1000.00, '2020-04-23', 1);
INSERT INTO `jz_project_total` VALUES (166, '龙璐', 'Yunxi Trading Company Limited', 3, 127.24, 1000.00, '2020-02-13', 1);
INSERT INTO `jz_project_total` VALUES (167, '谭宇宁', 'Lo\'s Engineering Limited', 5, 134.78, 1000.00, '2022-03-19', 2);
INSERT INTO `jz_project_total` VALUES (168, '李岚', 'Lois Trading LLC', 1, 252.13, 1000.00, '2020-04-21', 0);
INSERT INTO `jz_project_total` VALUES (169, '唐嘉伦', 'Ryan Network Systems LLC', 2, 856.46, 1000.00, '2022-07-12', 0);
INSERT INTO `jz_project_total` VALUES (170, '袁秀英', 'Kobayashi Food Corporation', 3, 928.22, 1000.00, '2022-11-28', 2);
INSERT INTO `jz_project_total` VALUES (171, '顾子异', 'Yunxi Network Systems Company Limited', 3, 346.20, 1000.00, '2022-10-24', 0);
INSERT INTO `jz_project_total` VALUES (172, '常安琪', 'Qiu Kee Consultants Company Limited', 5, 949.21, 1000.00, '2022-12-24', 1);
INSERT INTO `jz_project_total` VALUES (173, '余子异', 'Lu Telecommunication Company Limited', 3, 231.23, 1000.00, '2021-10-08', 1);
INSERT INTO `jz_project_total` VALUES (174, '程晓明', 'Sean Electronic Inc.', 2, 565.12, 1000.00, '2021-09-26', 1);
INSERT INTO `jz_project_total` VALUES (175, '姜秀英', 'Wing Sze Limited', 2, 286.86, 1000.00, '2020-03-15', 1);
INSERT INTO `jz_project_total` VALUES (176, '汪睿', 'Tian Telecommunication Company Limited', 1, 637.95, 1000.00, '2022-09-05', 1);
INSERT INTO `jz_project_total` VALUES (177, '邓致远', 'Alexander Technology Inc.', 1, 230.80, 1000.00, '2021-04-30', 1);
INSERT INTO `jz_project_total` VALUES (178, '陈晓明', 'Siu Wai Consultants Limited', 3, 368.88, 1000.00, '2020-05-22', 2);
INSERT INTO `jz_project_total` VALUES (179, '程云熙', 'Irene Trading LLC', 1, 664.32, 1000.00, '2021-06-21', 2);
INSERT INTO `jz_project_total` VALUES (180, '崔秀英', 'Chow\'s Toy Limited', 4, 466.16, 1000.00, '2021-12-02', 2);
INSERT INTO `jz_project_total` VALUES (181, '陆安琪', 'Airi Corporation', 2, 841.74, 1000.00, '2022-02-17', 1);
INSERT INTO `jz_project_total` VALUES (182, '陶云熙', 'Hunter LLC', 4, 548.48, 1000.00, '2021-11-25', 1);
INSERT INTO `jz_project_total` VALUES (183, '杨杰宏', 'Lai Yan Property Limited', 5, 697.56, 1000.00, '2020-07-17', 1);
INSERT INTO `jz_project_total` VALUES (184, '韩致远', 'Lan Trading Company Limited', 3, 154.87, 1000.00, '2022-12-25', 2);
INSERT INTO `jz_project_total` VALUES (185, '史宇宁', 'Kwok Kuen Limited', 4, 893.61, 1000.00, '2021-07-01', 0);
INSERT INTO `jz_project_total` VALUES (186, '徐璐', 'Tong Kee Telecommunication Limited', 4, 713.17, 1000.00, '2022-04-05', 1);
INSERT INTO `jz_project_total` VALUES (187, '龙震南', 'Kenta Food Corporation', 2, 174.73, 1000.00, '2021-03-07', 1);
INSERT INTO `jz_project_total` VALUES (188, '任致远', 'Rivera\'s Telecommunication Inc.', 3, 906.42, 1000.00, '2021-04-15', 1);
INSERT INTO `jz_project_total` VALUES (189, '梁子韬', 'Ayato Residence Corporation', 4, 917.09, 1000.00, '2021-08-08', 0);
INSERT INTO `jz_project_total` VALUES (190, '汪致远', 'Jialun Company Limited', 3, 261.57, 1000.00, '2021-05-24', 2);
INSERT INTO `jz_project_total` VALUES (191, '邱詩涵', 'Zhennan Company Limited', 2, 636.82, 1000.00, '2022-06-17', 1);
INSERT INTO `jz_project_total` VALUES (192, '秦璐', 'Daisuke Pharmaceutical Corporation', 3, 789.78, 1000.00, '2020-02-10', 1);
INSERT INTO `jz_project_total` VALUES (193, '徐璐', 'Zhennan Consultants Company Limited', 2, 500.73, 1000.00, '2022-07-05', 1);
INSERT INTO `jz_project_total` VALUES (194, '江子韬', 'Zhu Company Limited', 4, 507.69, 1000.00, '2021-03-08', 1);
INSERT INTO `jz_project_total` VALUES (195, '钱詩涵', 'Ka Ling Logistic Limited', 2, 676.31, 1000.00, '2021-03-29', 1);
INSERT INTO `jz_project_total` VALUES (196, '林璐', 'Rena Corporation', 4, 726.39, 1000.00, '2020-01-21', 2);
INSERT INTO `jz_project_total` VALUES (197, '丁云熙', 'Huang Kee Company Limited', 1, 920.78, 1000.00, '2022-02-17', 1);
INSERT INTO `jz_project_total` VALUES (198, '姚子异', 'Miu\'s Engineering Limited', 4, 440.72, 1000.00, '2020-03-11', 1);
INSERT INTO `jz_project_total` VALUES (199, '龙安琪', 'Mui Kee Limited', 4, 791.62, 1000.00, '2021-10-23', 1);
INSERT INTO `jz_project_total` VALUES (200, '朱晓明', 'Ryota Communications Corporation', 2, 557.58, 1000.00, '2020-11-19', 2);
INSERT INTO `jz_project_total` VALUES (201, '孔嘉伦', 'Ryan\'s Software LLC', 2, 266.35, 1000.00, '2021-09-21', 2);
INSERT INTO `jz_project_total` VALUES (202, '董震南', 'Pang Kee Technology Limited', 4, 958.17, 1000.00, '2020-08-25', 1);
INSERT INTO `jz_project_total` VALUES (203, '向云熙', 'Xiuying Company Limited', 1, 691.86, 1000.00, '2021-12-31', 0);
INSERT INTO `jz_project_total` VALUES (204, '魏震南', 'Kobayashi Corporation', 1, 881.27, 1000.00, '2022-12-28', 2);
INSERT INTO `jz_project_total` VALUES (205, '龚嘉伦', 'Fong Kee Limited', 1, 420.06, 1000.00, '2022-01-26', 0);
INSERT INTO `jz_project_total` VALUES (206, '范子韬', 'Mok Kee Technology Limited', 2, 662.52, 1000.00, '2021-02-18', 2);
INSERT INTO `jz_project_total` VALUES (207, '卢岚', 'Zhennan Network Systems Company Limited', 3, 828.24, 1000.00, '2021-04-16', 1);
INSERT INTO `jz_project_total` VALUES (208, '夏震南', 'Yung Kee Technology Limited', 1, 578.48, 1000.00, '2020-10-05', 1);
INSERT INTO `jz_project_total` VALUES (209, '韦睿', 'Hunt\'s Inc.', 5, 429.42, 1000.00, '2022-10-21', 0);
INSERT INTO `jz_project_total` VALUES (210, '姚子异', 'Daisuke Technology Corporation', 1, 616.14, 1000.00, '2021-11-08', 1);
INSERT INTO `jz_project_total` VALUES (211, '邱致远', 'Lu Kee Toy Company Limited', 3, 238.28, 1000.00, '2023-01-24', 2);
INSERT INTO `jz_project_total` VALUES (212, '蒋晓明', 'Susan Logistic Inc.', 4, 145.18, 1000.00, '2022-04-12', 0);
INSERT INTO `jz_project_total` VALUES (213, '周宇宁', 'Zheng Kee Company Limited', 3, 781.26, 1000.00, '2022-02-12', 0);
INSERT INTO `jz_project_total` VALUES (214, '严致远', 'Imai Communications Corporation', 3, 801.16, 1000.00, '2020-01-22', 0);
INSERT INTO `jz_project_total` VALUES (215, '冯杰宏', 'Yeung\'s Trading Limited', 2, 310.91, 1000.00, '2020-04-26', 1);
INSERT INTO `jz_project_total` VALUES (216, '汤子异', 'Tin Lok Telecommunication Limited', 3, 801.34, 1000.00, '2020-09-28', 1);
INSERT INTO `jz_project_total` VALUES (217, '姜晓明', 'Ka Ling Consultants Limited', 2, 168.10, 1000.00, '2021-08-12', 0);
INSERT INTO `jz_project_total` VALUES (218, '廖致远', 'Rin Food Corporation', 3, 765.60, 1000.00, '2020-04-27', 0);
INSERT INTO `jz_project_total` VALUES (219, '陈嘉伦', 'Young\'s LLC', 5, 522.38, 1000.00, '2021-03-27', 1);
INSERT INTO `jz_project_total` VALUES (220, '任安琪', 'Doris LLC', 1, 955.86, 1000.00, '2020-07-20', 0);
INSERT INTO `jz_project_total` VALUES (221, '顾晓明', 'Fukuda Residence Corporation', 4, 320.91, 1000.00, '2020-04-08', 2);
INSERT INTO `jz_project_total` VALUES (222, '邹云熙', 'Liu Kee Company Limited', 2, 550.94, 1000.00, '2022-09-21', 0);
INSERT INTO `jz_project_total` VALUES (223, '贺宇宁', 'Chiu Wai Limited', 4, 614.23, 1000.00, '2020-04-17', 1);
INSERT INTO `jz_project_total` VALUES (224, '汪詩涵', 'Kimura Communications Corporation', 3, 327.20, 1000.00, '2022-06-13', 2);
INSERT INTO `jz_project_total` VALUES (225, '邓云熙', 'Benjamin LLC', 4, 702.66, 1000.00, '2021-09-21', 1);
INSERT INTO `jz_project_total` VALUES (226, '莫震南', 'Man Kee Electronic Limited', 2, 365.31, 1000.00, '2022-12-02', 0);
INSERT INTO `jz_project_total` VALUES (227, '毛秀英', 'Perry\'s Toy Inc.', 4, 556.67, 1000.00, '2021-06-09', 1);
INSERT INTO `jz_project_total` VALUES (228, '徐詩涵', 'Martinez Brothers Electronic LLC', 4, 275.69, 1000.00, '2022-03-23', 2);
INSERT INTO `jz_project_total` VALUES (229, '姚璐', 'Reed LLC', 2, 860.02, 1000.00, '2020-03-11', 1);
INSERT INTO `jz_project_total` VALUES (230, '黄子异', 'Duan Network Systems Company Limited', 2, 816.97, 1000.00, '2020-09-04', 1);
INSERT INTO `jz_project_total` VALUES (231, '任秀英', 'Lisa Inc.', 3, 825.00, 1000.00, '2022-01-14', 2);
INSERT INTO `jz_project_total` VALUES (232, '常杰宏', 'Lik Sun Limited', 4, 312.59, 1000.00, '2021-11-13', 1);
INSERT INTO `jz_project_total` VALUES (233, '韦致远', 'Marshall\'s Trading Inc.', 5, 816.73, 1000.00, '2020-05-29', 2);
INSERT INTO `jz_project_total` VALUES (234, '杨晓明', 'Hu Kee Communications Company Limited', 3, 550.18, 1000.00, '2020-12-11', 1);
INSERT INTO `jz_project_total` VALUES (235, '梁震南', 'Wayne Engineering Inc.', 1, 100.79, 1000.00, '2023-01-25', 1);
INSERT INTO `jz_project_total` VALUES (236, '杜詩涵', 'Bobby Consultants Inc.', 5, 184.37, 1000.00, '2021-05-28', 1);
INSERT INTO `jz_project_total` VALUES (237, '孟詩涵', 'Janet LLC', 3, 310.29, 1000.00, '2021-02-13', 2);
INSERT INTO `jz_project_total` VALUES (238, '曹睿', 'He Kee Trading Company Limited', 2, 601.23, 1000.00, '2021-12-27', 1);
INSERT INTO `jz_project_total` VALUES (239, '朱晓明', 'Fujita Logistic Corporation', 3, 679.80, 1000.00, '2021-07-11', 0);
INSERT INTO `jz_project_total` VALUES (240, '侯震南', 'Otsuka Pharmaceutical Corporation', 3, 899.11, 1000.00, '2021-02-20', 1);
INSERT INTO `jz_project_total` VALUES (241, '彭嘉伦', 'Xiaoming Company Limited', 4, 565.38, 1000.00, '2020-05-03', 2);
INSERT INTO `jz_project_total` VALUES (242, '蒋安琪', 'Jialun Consultants Company Limited', 2, 763.63, 1000.00, '2020-11-13', 2);
INSERT INTO `jz_project_total` VALUES (243, '夏云熙', 'Castillo\'s Inc.', 2, 514.49, 1000.00, '2021-02-01', 1);
INSERT INTO `jz_project_total` VALUES (244, '薛璐', 'Lik Sun Food Limited', 2, 706.38, 1000.00, '2023-01-17', 2);
INSERT INTO `jz_project_total` VALUES (245, '邱云熙', 'Duan Company Limited', 3, 640.94, 1000.00, '2021-08-07', 1);
INSERT INTO `jz_project_total` VALUES (246, '何子异', 'Sugawara Corporation', 2, 118.11, 1000.00, '2021-12-02', 1);
INSERT INTO `jz_project_total` VALUES (247, '陆璐', 'Shihan Company Limited', 3, 289.97, 1000.00, '2021-08-12', 1);
INSERT INTO `jz_project_total` VALUES (248, '许子异', 'Sugawara Communications Corporation', 1, 930.78, 1000.00, '2021-02-18', 1);
INSERT INTO `jz_project_total` VALUES (249, '郝睿', 'Airi Technology Corporation', 5, 959.99, 1000.00, '2020-11-03', 1);
INSERT INTO `jz_project_total` VALUES (250, '方震南', 'Jenkins\'s Electronic LLC', 4, 177.85, 1000.00, '2021-01-17', 0);
INSERT INTO `jz_project_total` VALUES (251, '孟詩涵', 'Lu Network Systems Company Limited', 5, 571.55, 1000.00, '2022-07-17', 1);
INSERT INTO `jz_project_total` VALUES (252, '郭秀英', 'Sandra Inc.', 4, 686.24, 1000.00, '2020-01-05', 2);
INSERT INTO `jz_project_total` VALUES (253, '张致远', 'Mitsuki Corporation', 3, 791.15, 1000.00, '2022-06-28', 1);
INSERT INTO `jz_project_total` VALUES (254, '许子异', 'Ling Ling Limited', 2, 255.90, 1000.00, '2022-06-28', 0);
INSERT INTO `jz_project_total` VALUES (255, '吕震南', 'Jiehong Telecommunication Company Limited', 4, 667.12, 1000.00, '2022-05-14', 1);
INSERT INTO `jz_project_total` VALUES (256, '曹晓明', 'Tanaka Food Corporation', 4, 552.16, 1000.00, '2021-01-08', 1);
INSERT INTO `jz_project_total` VALUES (257, '张秀英', 'Jin Kee Communications Company Limited', 3, 157.42, 1000.00, '2020-12-02', 0);
INSERT INTO `jz_project_total` VALUES (258, '汤睿', 'Parker Consultants LLC', 3, 802.88, 1000.00, '2021-12-16', 1);
INSERT INTO `jz_project_total` VALUES (259, '郑安琪', 'Henderson Brothers Software Inc.', 5, 316.11, 1000.00, '2022-09-28', 1);
INSERT INTO `jz_project_total` VALUES (260, '沈晓明', 'Lan Pharmaceutical Company Limited', 3, 162.22, 1000.00, '2021-10-07', 1);
INSERT INTO `jz_project_total` VALUES (261, '莫宇宁', 'Deng Kee Company Limited', 2, 924.77, 1000.00, '2021-11-20', 0);
INSERT INTO `jz_project_total` VALUES (262, '罗詩涵', 'Ikki Electronic Corporation', 4, 632.88, 1000.00, '2022-10-17', 1);
INSERT INTO `jz_project_total` VALUES (263, '廖詩涵', 'Yung\'s Limited', 5, 713.73, 1000.00, '2020-11-20', 2);
INSERT INTO `jz_project_total` VALUES (264, '严杰宏', 'Cho Yee Food Limited', 2, 418.05, 1000.00, '2022-05-14', 1);
INSERT INTO `jz_project_total` VALUES (265, '宋杰宏', 'Esther Food LLC', 3, 484.23, 1000.00, '2022-11-10', 0);
INSERT INTO `jz_project_total` VALUES (266, '胡岚', 'Shimada Food Corporation', 4, 185.94, 1000.00, '2021-07-30', 0);
INSERT INTO `jz_project_total` VALUES (267, '李杰宏', 'Anqi Company Limited', 4, 449.95, 1000.00, '2022-10-08', 2);
INSERT INTO `jz_project_total` VALUES (268, '沈杰宏', 'Sugawara Toy Corporation', 2, 864.26, 1000.00, '2021-01-30', 1);
INSERT INTO `jz_project_total` VALUES (269, '朱安琪', 'Ng Kee Limited', 4, 397.63, 1000.00, '2022-10-29', 1);
INSERT INTO `jz_project_total` VALUES (270, '林岚', 'Jimenez\'s Network Systems Inc.', 4, 727.58, 1000.00, '2020-05-03', 0);
INSERT INTO `jz_project_total` VALUES (271, '贾子韬', 'Kim Brothers Inc.', 4, 276.40, 1000.00, '2022-10-14', 2);
INSERT INTO `jz_project_total` VALUES (272, '李云熙', 'Uchida Toy Corporation', 1, 495.73, 1000.00, '2021-05-29', 0);
INSERT INTO `jz_project_total` VALUES (273, '钟致远', 'Kasumi Electronic Corporation', 1, 924.98, 1000.00, '2021-05-28', 0);
INSERT INTO `jz_project_total` VALUES (274, '谭睿', 'Shihan Consultants Company Limited', 4, 480.12, 1000.00, '2021-10-06', 1);
INSERT INTO `jz_project_total` VALUES (275, '梁云熙', 'Maruyama Network Systems Corporation', 3, 169.82, 1000.00, '2020-10-13', 1);
INSERT INTO `jz_project_total` VALUES (276, '杨子韬', 'Allen Brothers Software LLC', 3, 898.57, 1000.00, '2021-05-30', 2);
INSERT INTO `jz_project_total` VALUES (277, '谭睿', 'Jialun Company Limited', 4, 208.30, 1000.00, '2021-08-24', 1);
INSERT INTO `jz_project_total` VALUES (278, '邓子韬', 'Jialun Property Company Limited', 2, 869.14, 1000.00, '2020-03-26', 0);
INSERT INTO `jz_project_total` VALUES (279, '谭子韬', 'Mendez Pharmaceutical Inc.', 1, 457.86, 1000.00, '2021-02-16', 0);
INSERT INTO `jz_project_total` VALUES (280, '董嘉伦', 'Yun Fat Development & Trading Limited', 2, 729.50, 1000.00, '2022-04-26', 1);
INSERT INTO `jz_project_total` VALUES (281, '萧嘉伦', 'Ziyi Technology Company Limited', 5, 607.15, 1000.00, '2022-06-20', 1);
INSERT INTO `jz_project_total` VALUES (282, '熊云熙', 'Yamazaki Corporation', 4, 833.22, 1000.00, '2020-10-13', 1);
INSERT INTO `jz_project_total` VALUES (283, '陆秀英', 'Fujiwara Food Corporation', 4, 191.60, 1000.00, '2020-12-07', 2);
INSERT INTO `jz_project_total` VALUES (284, '吴安琪', 'Rui Consultants Company Limited', 3, 547.56, 1000.00, '2020-05-01', 1);
INSERT INTO `jz_project_total` VALUES (285, '魏睿', 'Wing Fat Network Systems Limited', 1, 646.88, 1000.00, '2020-06-21', 2);
INSERT INTO `jz_project_total` VALUES (286, '郝詩涵', 'Soto Brothers Trading LLC', 4, 454.48, 1000.00, '2021-04-23', 2);
INSERT INTO `jz_project_total` VALUES (287, '史子韬', 'Wan\'s Network Systems Limited', 4, 792.98, 1000.00, '2021-06-06', 1);
INSERT INTO `jz_project_total` VALUES (288, '孔璐', 'Ming Sze Trading Limited', 5, 560.30, 1000.00, '2021-07-29', 1);
INSERT INTO `jz_project_total` VALUES (289, '潘璐', 'Payne\'s Communications Inc.', 3, 315.13, 1000.00, '2021-01-19', 2);
INSERT INTO `jz_project_total` VALUES (290, '何安琪', 'Howard Logistic Inc.', 3, 607.04, 1000.00, '2020-05-21', 0);
INSERT INTO `jz_project_total` VALUES (291, '李詩涵', 'Ayato Telecommunication Corporation', 3, 719.28, 1000.00, '2021-08-26', 0);
INSERT INTO `jz_project_total` VALUES (292, '郑宇宁', 'Kasumi Corporation', 3, 687.94, 1000.00, '2021-04-26', 0);
INSERT INTO `jz_project_total` VALUES (293, '苏詩涵', 'Meng Company Limited', 2, 559.03, 1000.00, '2022-09-01', 1);
INSERT INTO `jz_project_total` VALUES (294, '戴致远', 'Mo\'s Food Limited', 4, 729.27, 1000.00, '2020-05-12', 1);
INSERT INTO `jz_project_total` VALUES (295, '黄致远', 'Tang Kee Company Limited', 2, 454.31, 1000.00, '2020-04-14', 1);
INSERT INTO `jz_project_total` VALUES (296, '杜震南', 'Nakayama Electronic Corporation', 4, 973.78, 1000.00, '2022-05-07', 0);
INSERT INTO `jz_project_total` VALUES (297, '段宇宁', 'Elaine Toy LLC', 1, 308.45, 1000.00, '2020-11-03', 2);
INSERT INTO `jz_project_total` VALUES (298, '汤安琪', 'Qiu Pharmaceutical Company Limited', 5, 335.66, 1000.00, '2021-05-30', 1);
INSERT INTO `jz_project_total` VALUES (299, '黎睿', 'Zhennan Telecommunication Company Limited', 1, 939.08, 1000.00, '2022-12-30', 1);
INSERT INTO `jz_project_total` VALUES (300, '罗杰宏', 'Hina Residence Corporation', 1, 874.83, 1000.00, '2023-01-21', 1);
INSERT INTO `jz_project_total` VALUES (301, '周秀英', 'Cheng Kee Limited', 4, 978.29, 1000.00, '2020-03-06', 1);
INSERT INTO `jz_project_total` VALUES (302, '刘云熙', 'Elizabeth Engineering LLC', 2, 468.19, 1000.00, '2023-01-17', 1);
INSERT INTO `jz_project_total` VALUES (303, '郑致远', 'Shihan Trading Company Limited', 3, 787.23, 1000.00, '2020-01-22', 0);
INSERT INTO `jz_project_total` VALUES (304, '许晓明', 'Daichi Pharmaceutical Corporation', 3, 102.40, 1000.00, '2023-01-08', 1);
INSERT INTO `jz_project_total` VALUES (305, '阎璐', 'Lee\'s Pharmaceutical Limited', 2, 935.31, 1000.00, '2022-03-30', 1);
INSERT INTO `jz_project_total` VALUES (306, '范岚', 'Gladys Pharmaceutical LLC', 4, 452.84, 1000.00, '2020-08-14', 2);
INSERT INTO `jz_project_total` VALUES (307, '史震南', 'Ma Network Systems Company Limited', 2, 194.89, 1000.00, '2021-07-27', 1);
INSERT INTO `jz_project_total` VALUES (308, '严宇宁', 'Don Software LLC', 3, 457.47, 1000.00, '2022-01-06', 0);
INSERT INTO `jz_project_total` VALUES (309, '顾震南', 'Rui Property Company Limited', 5, 800.91, 1000.00, '2020-10-15', 2);
INSERT INTO `jz_project_total` VALUES (310, '陶子异', 'Liang Kee Electronic Company Limited', 3, 834.29, 1000.00, '2020-03-05', 1);
INSERT INTO `jz_project_total` VALUES (311, '郭詩涵', 'Connie Inc.', 4, 562.12, 1000.00, '2021-07-16', 1);
INSERT INTO `jz_project_total` VALUES (312, '林睿', 'Allen Inc.', 4, 231.50, 1000.00, '2020-05-02', 1);
INSERT INTO `jz_project_total` VALUES (313, '莫秀英', 'Lan Company Limited', 4, 266.13, 1000.00, '2020-02-12', 1);
INSERT INTO `jz_project_total` VALUES (314, '黎致远', 'Wai Man Trading Limited', 3, 898.34, 1000.00, '2020-01-05', 2);
INSERT INTO `jz_project_total` VALUES (315, '莫晓明', 'Wagner Inc.', 2, 643.70, 1000.00, '2021-11-04', 1);
INSERT INTO `jz_project_total` VALUES (316, '任杰宏', 'Tsz Ching Limited', 5, 218.55, 1000.00, '2020-04-08', 2);
INSERT INTO `jz_project_total` VALUES (317, '林璐', 'Tsz Ching Logistic Limited', 3, 155.00, 1000.00, '2022-03-13', 1);
INSERT INTO `jz_project_total` VALUES (318, '刘云熙', 'Lok Kee Limited', 3, 509.60, 1000.00, '2021-04-05', 2);
INSERT INTO `jz_project_total` VALUES (319, '杜子韬', 'Shino Toy Corporation', 2, 583.91, 1000.00, '2022-02-13', 1);
INSERT INTO `jz_project_total` VALUES (320, '邱杰宏', 'Seiko Telecommunication Corporation', 2, 500.72, 1000.00, '2022-12-14', 1);
INSERT INTO `jz_project_total` VALUES (321, '吴璐', 'Zitao Company Limited', 4, 657.83, 1000.00, '2021-11-04', 2);
INSERT INTO `jz_project_total` VALUES (322, '高岚', 'Okamoto Food Corporation', 2, 591.35, 1000.00, '2021-04-02', 1);
INSERT INTO `jz_project_total` VALUES (323, '曹云熙', 'Otsuka Corporation', 3, 534.34, 1000.00, '2020-04-22', 1);
INSERT INTO `jz_project_total` VALUES (324, '李璐', 'Kelly Inc.', 2, 420.75, 1000.00, '2020-03-05', 1);
INSERT INTO `jz_project_total` VALUES (325, '刘嘉伦', 'Man Kee Consultants Limited', 2, 237.24, 1000.00, '2021-09-09', 0);
INSERT INTO `jz_project_total` VALUES (326, '熊睿', 'Yota Telecommunication Corporation', 4, 232.07, 1000.00, '2020-10-02', 1);
INSERT INTO `jz_project_total` VALUES (327, '郝嘉伦', 'Mui\'s Telecommunication Limited', 4, 342.81, 1000.00, '2022-08-18', 1);
INSERT INTO `jz_project_total` VALUES (328, '陶詩涵', 'Chic\'s Development & Trading Limited', 2, 671.66, 1000.00, '2020-03-03', 2);
INSERT INTO `jz_project_total` VALUES (329, '郭岚', 'Kojima Technology Corporation', 3, 716.02, 1000.00, '2022-04-24', 2);
INSERT INTO `jz_project_total` VALUES (330, '汤子韬', 'Han\'s Limited', 2, 250.91, 1000.00, '2020-01-13', 1);
INSERT INTO `jz_project_total` VALUES (331, '袁秀英', 'Yamato Communications Corporation', 4, 613.27, 1000.00, '2021-11-26', 0);
INSERT INTO `jz_project_total` VALUES (332, '宋嘉伦', 'Fisher\'s Inc.', 3, 747.74, 1000.00, '2022-06-19', 1);
INSERT INTO `jz_project_total` VALUES (333, '雷子异', 'Jiehong Company Limited', 3, 650.66, 1000.00, '2020-11-23', 1);
INSERT INTO `jz_project_total` VALUES (334, '阎秀英', 'Wai Lam Food Limited', 4, 121.55, 1000.00, '2020-10-09', 2);
INSERT INTO `jz_project_total` VALUES (335, '陆秀英', 'Xiang Company Limited', 4, 870.12, 1000.00, '2021-05-19', 2);
INSERT INTO `jz_project_total` VALUES (336, '徐子异', 'Rui Company Limited', 4, 913.87, 1000.00, '2021-01-22', 2);
INSERT INTO `jz_project_total` VALUES (337, '朱嘉伦', 'On Na Communications Limited', 2, 635.83, 1000.00, '2021-07-13', 0);
INSERT INTO `jz_project_total` VALUES (338, '石震南', 'Mui Kee Limited', 3, 500.10, 1000.00, '2021-11-09', 0);
INSERT INTO `jz_project_total` VALUES (339, '杨嘉伦', 'Ogawa Corporation', 4, 599.50, 1000.00, '2020-08-27', 1);
INSERT INTO `jz_project_total` VALUES (340, '李宇宁', 'Che\'s Limited', 2, 180.28, 1000.00, '2021-10-15', 1);
INSERT INTO `jz_project_total` VALUES (341, '钟子韬', 'Koo\'s Property Limited', 4, 462.51, 1000.00, '2022-11-18', 1);
INSERT INTO `jz_project_total` VALUES (342, '谢子韬', 'Huang Kee Network Systems Company Limited', 4, 887.24, 1000.00, '2021-02-08', 1);
INSERT INTO `jz_project_total` VALUES (343, '袁嘉伦', 'Liu Kee Electronic Company Limited', 2, 682.23, 1000.00, '2023-01-24', 1);
INSERT INTO `jz_project_total` VALUES (344, '汤致远', 'To\'s Limited', 5, 780.93, 1000.00, '2020-01-11', 0);
INSERT INTO `jz_project_total` VALUES (345, '韩晓明', 'Sze Yu Network Systems Limited', 5, 174.48, 1000.00, '2021-07-28', 1);
INSERT INTO `jz_project_total` VALUES (346, '汤岚', 'Wu\'s Limited', 2, 605.57, 1000.00, '2022-08-22', 2);
INSERT INTO `jz_project_total` VALUES (347, '潘宇宁', 'Fujita Logistic Corporation', 3, 446.03, 1000.00, '2021-05-08', 1);
INSERT INTO `jz_project_total` VALUES (348, '周璐', 'Sakura Food Corporation', 2, 171.00, 1000.00, '2020-01-04', 2);
INSERT INTO `jz_project_total` VALUES (349, '于杰宏', 'Hayashi Corporation', 3, 561.38, 1000.00, '2021-01-27', 1);
INSERT INTO `jz_project_total` VALUES (350, '顾震南', 'Ikki Toy Corporation', 2, 753.07, 1000.00, '2021-05-04', 2);
INSERT INTO `jz_project_total` VALUES (351, '沈致远', 'Jacqueline Food LLC', 3, 333.87, 1000.00, '2021-12-04', 1);
INSERT INTO `jz_project_total` VALUES (352, '王宇宁', 'Miura Food Corporation', 2, 956.70, 1000.00, '2021-09-26', 2);
INSERT INTO `jz_project_total` VALUES (353, '董璐', 'Graham Brothers Network Systems LLC', 4, 677.11, 1000.00, '2020-08-01', 1);
INSERT INTO `jz_project_total` VALUES (354, '魏震南', 'Norman Communications LLC', 5, 992.16, 1000.00, '2022-05-15', 1);
INSERT INTO `jz_project_total` VALUES (355, '龚岚', 'Hina Food Corporation', 2, 597.26, 1000.00, '2021-11-01', 0);
INSERT INTO `jz_project_total` VALUES (356, '丁詩涵', 'Kwok Wing Network Systems Limited', 5, 623.07, 1000.00, '2022-04-29', 1);
INSERT INTO `jz_project_total` VALUES (357, '黎致远', 'Xiaoming Network Systems Company Limited', 3, 436.55, 1000.00, '2021-06-29', 1);
INSERT INTO `jz_project_total` VALUES (358, '杜嘉伦', 'Lois Food LLC', 2, 900.22, 1000.00, '2020-01-02', 1);
INSERT INTO `jz_project_total` VALUES (359, '萧岚', 'Zitao Network Systems Company Limited', 4, 442.05, 1000.00, '2020-09-29', 1);
INSERT INTO `jz_project_total` VALUES (360, '叶璐', 'Sze Kwan Electronic Limited', 5, 956.70, 1000.00, '2021-04-08', 2);
INSERT INTO `jz_project_total` VALUES (361, '钱璐', 'Jordan LLC', 2, 697.09, 1000.00, '2021-11-23', 2);
INSERT INTO `jz_project_total` VALUES (362, '杜睿', 'Zitao Telecommunication Company Limited', 2, 729.76, 1000.00, '2021-06-18', 0);
INSERT INTO `jz_project_total` VALUES (363, '韩致远', 'Ito Residence Corporation', 3, 961.65, 1000.00, '2022-09-08', 0);
INSERT INTO `jz_project_total` VALUES (364, '蒋安琪', 'Sum Wing Engineering Limited', 5, 409.13, 1000.00, '2022-02-18', 2);
INSERT INTO `jz_project_total` VALUES (365, '萧詩涵', 'Liu Company Limited', 3, 930.34, 1000.00, '2022-08-13', 1);
INSERT INTO `jz_project_total` VALUES (366, '尹子异', 'Choi Kee Engineering Limited', 2, 689.04, 1000.00, '2022-09-05', 1);
INSERT INTO `jz_project_total` VALUES (367, '薛秀英', 'Kwong\'s Toy Limited', 4, 641.33, 1000.00, '2020-05-12', 0);
INSERT INTO `jz_project_total` VALUES (368, '邵致远', 'Yuito Logistic Corporation', 4, 793.09, 1000.00, '2022-12-25', 1);
INSERT INTO `jz_project_total` VALUES (369, '沈安琪', 'Yuen Kee Food Limited', 3, 746.51, 1000.00, '2020-03-13', 2);
INSERT INTO `jz_project_total` VALUES (370, '钱杰宏', 'Ziyi Company Limited', 4, 424.38, 1000.00, '2020-12-28', 2);
INSERT INTO `jz_project_total` VALUES (371, '傅子异', 'Shibata Logistic Corporation', 2, 631.95, 1000.00, '2021-12-10', 1);
INSERT INTO `jz_project_total` VALUES (372, '段宇宁', 'Wai Yee Telecommunication Limited', 1, 222.06, 1000.00, '2021-08-07', 0);
INSERT INTO `jz_project_total` VALUES (373, '叶杰宏', 'Gao Kee Pharmaceutical Company Limited', 2, 370.16, 1000.00, '2022-02-27', 2);
INSERT INTO `jz_project_total` VALUES (374, '谭詩涵', 'Gomez Brothers Technology Inc.', 2, 458.47, 1000.00, '2021-02-27', 0);
INSERT INTO `jz_project_total` VALUES (375, '彭安琪', 'Kwan\'s Limited', 3, 774.45, 1000.00, '2022-11-27', 0);
INSERT INTO `jz_project_total` VALUES (376, '汤致远', 'Rui Company Limited', 2, 632.39, 1000.00, '2021-11-13', 2);
INSERT INTO `jz_project_total` VALUES (377, '曾晓明', 'Kao Kee Electronic Limited', 1, 311.30, 1000.00, '2020-11-27', 1);
INSERT INTO `jz_project_total` VALUES (378, '邓子韬', 'Yam Kee Limited', 1, 781.52, 1000.00, '2021-11-08', 1);
INSERT INTO `jz_project_total` VALUES (379, '郝璐', 'Lam\'s Limited', 4, 310.08, 1000.00, '2022-01-23', 2);
INSERT INTO `jz_project_total` VALUES (380, '周岚', 'Zhu Industrial Company Limited', 2, 622.02, 1000.00, '2020-03-07', 2);
INSERT INTO `jz_project_total` VALUES (381, '曾秀英', 'Sakura Food Corporation', 5, 732.37, 1000.00, '2021-10-05', 2);
INSERT INTO `jz_project_total` VALUES (382, '史震南', 'Yuning Toy Company Limited', 4, 516.90, 1000.00, '2021-04-11', 0);
INSERT INTO `jz_project_total` VALUES (383, '尹致远', 'Diane Software LLC', 3, 815.31, 1000.00, '2022-03-25', 0);
INSERT INTO `jz_project_total` VALUES (384, '邵云熙', 'Rena Corporation', 1, 347.39, 1000.00, '2023-01-16', 0);
INSERT INTO `jz_project_total` VALUES (385, '范睿', 'Ayano Corporation', 4, 806.98, 1000.00, '2020-05-23', 1);
INSERT INTO `jz_project_total` VALUES (386, '沈晓明', 'Xiuying Trading Company Limited', 5, 778.77, 1000.00, '2021-03-27', 2);
INSERT INTO `jz_project_total` VALUES (387, '姚秀英', 'Rena Telecommunication Corporation', 3, 512.79, 1000.00, '2022-08-18', 2);
INSERT INTO `jz_project_total` VALUES (388, '余震南', 'Yau Kee Food Limited', 3, 805.57, 1000.00, '2021-09-01', 0);
INSERT INTO `jz_project_total` VALUES (389, '朱璐', 'Ting Fung Limited', 2, 486.11, 1000.00, '2022-07-01', 0);
INSERT INTO `jz_project_total` VALUES (390, '侯云熙', 'Vargas\'s Consultants LLC', 5, 770.70, 1000.00, '2022-04-04', 0);
INSERT INTO `jz_project_total` VALUES (391, '龙安琪', 'Chiba Electronic Corporation', 4, 239.88, 1000.00, '2021-03-14', 2);
INSERT INTO `jz_project_total` VALUES (392, '武嘉伦', 'Akina Corporation', 2, 279.56, 1000.00, '2022-02-15', 2);
INSERT INTO `jz_project_total` VALUES (393, '韩秀英', 'Sai Wing Logistic Limited', 5, 770.28, 1000.00, '2022-01-27', 1);
INSERT INTO `jz_project_total` VALUES (394, '杨秀英', 'Shaw\'s LLC', 4, 662.74, 1000.00, '2022-06-12', 0);
INSERT INTO `jz_project_total` VALUES (395, '孔安琪', 'Hayes Network Systems Inc.', 3, 622.18, 1000.00, '2021-11-18', 1);
INSERT INTO `jz_project_total` VALUES (396, '任安琪', 'Yeung\'s Limited', 4, 500.77, 1000.00, '2021-01-25', 2);
INSERT INTO `jz_project_total` VALUES (397, '秦璐', 'Sai Wing Engineering Limited', 3, 345.16, 1000.00, '2021-08-24', 1);
INSERT INTO `jz_project_total` VALUES (398, '段云熙', 'Ziyi Trading Company Limited', 4, 159.68, 1000.00, '2022-01-26', 1);
INSERT INTO `jz_project_total` VALUES (399, '刘晓明', 'Ka Ming Limited', 4, 584.36, 1000.00, '2020-01-14', 0);
INSERT INTO `jz_project_total` VALUES (400, '邱致远', 'Gibson\'s Food Inc.', 3, 458.73, 1000.00, '2020-02-12', 1);
INSERT INTO `jz_project_total` VALUES (401, '傅睿', 'Hazuki Corporation', 3, 480.89, 1000.00, '2021-09-22', 0);
INSERT INTO `jz_project_total` VALUES (402, '余璐', 'Fukuda Telecommunication Corporation', 4, 906.03, 1000.00, '2020-09-30', 0);
INSERT INTO `jz_project_total` VALUES (403, '黄子异', 'Han Kee Limited', 4, 283.25, 1000.00, '2022-02-09', 1);
INSERT INTO `jz_project_total` VALUES (404, '钱晓明', 'Sum Wing Limited', 2, 995.36, 1000.00, '2020-09-14', 1);
INSERT INTO `jz_project_total` VALUES (405, '方嘉伦', 'Sze Yu Development & Trading Limited', 3, 544.25, 1000.00, '2020-06-26', 1);
INSERT INTO `jz_project_total` VALUES (406, '阎嘉伦', 'Fan Toy Company Limited', 2, 801.26, 1000.00, '2022-12-20', 1);
INSERT INTO `jz_project_total` VALUES (407, '陆云熙', 'Daichi Corporation', 2, 813.02, 1000.00, '2020-09-27', 1);
INSERT INTO `jz_project_total` VALUES (408, '张杰宏', 'Ayano Corporation', 3, 833.95, 1000.00, '2021-08-26', 1);
INSERT INTO `jz_project_total` VALUES (409, '莫杰宏', 'Emily Food LLC', 2, 937.10, 1000.00, '2022-01-03', 2);
INSERT INTO `jz_project_total` VALUES (410, '马晓明', 'Bradley Communications Inc.', 4, 567.27, 1000.00, '2022-01-09', 2);
INSERT INTO `jz_project_total` VALUES (411, '杜致远', 'Zhiyuan Company Limited', 2, 172.52, 1000.00, '2022-01-14', 1);
INSERT INTO `jz_project_total` VALUES (412, '叶晓明', 'Yuning Trading Company Limited', 2, 265.87, 1000.00, '2021-03-06', 0);
INSERT INTO `jz_project_total` VALUES (413, '薛詩涵', 'Sato Toy Corporation', 4, 465.70, 1000.00, '2021-11-03', 1);
INSERT INTO `jz_project_total` VALUES (414, '张子异', 'Ma Kee Company Limited', 4, 783.79, 1000.00, '2021-05-02', 1);
INSERT INTO `jz_project_total` VALUES (415, '潘秀英', 'Justin Toy LLC', 4, 989.61, 1000.00, '2022-05-31', 1);
INSERT INTO `jz_project_total` VALUES (416, '黄宇宁', 'Nanami Corporation', 5, 319.28, 1000.00, '2021-01-16', 1);
INSERT INTO `jz_project_total` VALUES (417, '秦杰宏', 'Daichi Corporation', 2, 531.10, 1000.00, '2020-09-04', 1);
INSERT INTO `jz_project_total` VALUES (418, '邓安琪', 'Ti Kee Limited', 1, 141.59, 1000.00, '2021-10-30', 0);
INSERT INTO `jz_project_total` VALUES (419, '龙致远', 'Yunxi Company Limited', 4, 667.59, 1000.00, '2022-08-21', 1);
INSERT INTO `jz_project_total` VALUES (420, '贺子韬', 'Jimenez\'s Inc.', 3, 563.14, 1000.00, '2020-06-26', 1);
INSERT INTO `jz_project_total` VALUES (421, '韦睿', 'Hunt Toy Inc.', 5, 988.86, 1000.00, '2021-09-01', 2);
INSERT INTO `jz_project_total` VALUES (422, '卢震南', 'Rin Logistic Corporation', 2, 406.62, 1000.00, '2021-09-11', 1);
INSERT INTO `jz_project_total` VALUES (423, '邱子韬', 'Lu Pharmaceutical Company Limited', 4, 644.33, 1000.00, '2022-03-28', 1);
INSERT INTO `jz_project_total` VALUES (424, '孔子异', 'On Na Toy Limited', 3, 381.60, 1000.00, '2022-03-14', 1);
INSERT INTO `jz_project_total` VALUES (425, '吴震南', 'Yuning Company Limited', 2, 721.23, 1000.00, '2022-04-06', 2);
INSERT INTO `jz_project_total` VALUES (426, '许岚', 'Xu Property Company Limited', 1, 224.41, 1000.00, '2021-02-28', 0);
INSERT INTO `jz_project_total` VALUES (427, '杨璐', 'Kwan\'s Limited', 3, 374.01, 1000.00, '2020-08-07', 2);
INSERT INTO `jz_project_total` VALUES (428, '周云熙', 'Tang Kee Food Company Limited', 2, 327.59, 1000.00, '2021-05-10', 0);
INSERT INTO `jz_project_total` VALUES (429, '夏云熙', 'Yeung Kee Communications Limited', 1, 932.69, 1000.00, '2021-08-26', 1);
INSERT INTO `jz_project_total` VALUES (430, '侯杰宏', 'Lee Brothers Inc.', 2, 357.69, 1000.00, '2020-01-09', 1);
INSERT INTO `jz_project_total` VALUES (431, '王杰宏', 'Long Kee Engineering Company Limited', 1, 167.16, 1000.00, '2020-06-04', 1);
INSERT INTO `jz_project_total` VALUES (432, '黎晓明', 'Lawrence Food Inc.', 4, 290.97, 1000.00, '2020-10-12', 0);
INSERT INTO `jz_project_total` VALUES (433, '田宇宁', 'Aoki Food Corporation', 3, 838.16, 1000.00, '2022-03-13', 1);
INSERT INTO `jz_project_total` VALUES (434, '孙杰宏', 'Tin Lok Limited', 1, 999.27, 1000.00, '2022-07-26', 0);
INSERT INTO `jz_project_total` VALUES (435, '赵杰宏', 'Wong\'s Limited', 5, 379.51, 1000.00, '2021-12-01', 1);
INSERT INTO `jz_project_total` VALUES (436, '严璐', 'Rena Corporation', 4, 391.04, 1000.00, '2021-01-10', 2);
INSERT INTO `jz_project_total` VALUES (437, '杨詩涵', 'Gutierrez Technology LLC', 2, 159.56, 1000.00, '2020-10-12', 0);
INSERT INTO `jz_project_total` VALUES (438, '孟子韬', 'Akina Network Systems Corporation', 2, 363.03, 1000.00, '2022-12-12', 2);
INSERT INTO `jz_project_total` VALUES (439, '宋子异', 'Ka Man Limited', 3, 934.22, 1000.00, '2022-06-04', 0);
INSERT INTO `jz_project_total` VALUES (440, '陆詩涵', 'Imai Corporation', 2, 780.60, 1000.00, '2020-10-12', 0);
INSERT INTO `jz_project_total` VALUES (441, '崔嘉伦', 'Kwok Kuen Industrial Limited', 4, 467.66, 1000.00, '2020-03-19', 0);
INSERT INTO `jz_project_total` VALUES (442, '薛璐', 'Turner Brothers Electronic LLC', 3, 861.26, 1000.00, '2022-04-29', 2);
INSERT INTO `jz_project_total` VALUES (443, '刘致远', 'Jiehong Consultants Company Limited', 5, 721.71, 1000.00, '2020-05-03', 1);
INSERT INTO `jz_project_total` VALUES (444, '武致远', 'Momoka Food Corporation', 3, 885.77, 1000.00, '2022-09-14', 0);
INSERT INTO `jz_project_total` VALUES (445, '叶嘉伦', 'Hou Kee Telecommunication Company Limited', 5, 547.31, 1000.00, '2022-10-07', 1);
INSERT INTO `jz_project_total` VALUES (446, '钟晓明', 'Itsuki Technology Corporation', 2, 877.31, 1000.00, '2020-03-08', 2);
INSERT INTO `jz_project_total` VALUES (447, '戴詩涵', 'Tsz Hin Industrial Limited', 1, 854.59, 1000.00, '2020-02-22', 1);
INSERT INTO `jz_project_total` VALUES (448, '沈震南', 'Itsuki Network Systems Corporation', 4, 536.69, 1000.00, '2020-09-21', 0);
INSERT INTO `jz_project_total` VALUES (449, '汤致远', 'Wai Han Electronic Limited', 2, 826.44, 1000.00, '2022-07-08', 0);
INSERT INTO `jz_project_total` VALUES (450, '彭云熙', 'Li Kee Company Limited', 4, 415.86, 1000.00, '2022-02-26', 1);
INSERT INTO `jz_project_total` VALUES (451, '姜子韬', 'Jialun Company Limited', 4, 462.44, 1000.00, '2022-01-01', 1);
INSERT INTO `jz_project_total` VALUES (452, '叶詩涵', 'Ziyi Industrial Company Limited', 2, 616.72, 1000.00, '2020-12-12', 2);
INSERT INTO `jz_project_total` VALUES (453, '向璐', 'Perez\'s LLC', 1, 699.02, 1000.00, '2020-07-21', 2);
INSERT INTO `jz_project_total` VALUES (454, '陆云熙', 'Chic Kee Consultants Limited', 3, 832.04, 1000.00, '2022-10-04', 1);
INSERT INTO `jz_project_total` VALUES (455, '姜璐', 'Yunxi Consultants Company Limited', 3, 679.92, 1000.00, '2020-06-29', 1);
INSERT INTO `jz_project_total` VALUES (456, '苏子异', 'Mitsuki Corporation', 4, 469.73, 1000.00, '2021-02-20', 2);
INSERT INTO `jz_project_total` VALUES (457, '严安琪', 'Cheung Kee Electronic Limited', 4, 795.38, 1000.00, '2022-09-16', 0);
INSERT INTO `jz_project_total` VALUES (458, '汤震南', 'Kudo Logistic Corporation', 1, 943.81, 1000.00, '2020-12-12', 2);
INSERT INTO `jz_project_total` VALUES (459, '宋璐', 'Yip Kee Technology Limited', 5, 696.33, 1000.00, '2021-02-19', 0);
INSERT INTO `jz_project_total` VALUES (460, '贺致远', 'Tin Lok Limited', 3, 964.92, 1000.00, '2022-06-20', 2);
INSERT INTO `jz_project_total` VALUES (461, '姚云熙', 'Price\'s Software Inc.', 2, 190.70, 1000.00, '2022-06-17', 2);
INSERT INTO `jz_project_total` VALUES (462, '唐岚', 'Woods Brothers LLC', 5, 663.09, 1000.00, '2022-12-13', 0);
INSERT INTO `jz_project_total` VALUES (463, '傅睿', 'Katherine Network Systems LLC', 3, 171.87, 1000.00, '2022-09-12', 2);
INSERT INTO `jz_project_total` VALUES (464, '钱子韬', 'Sum Wing Limited', 2, 740.23, 1000.00, '2022-08-11', 1);
INSERT INTO `jz_project_total` VALUES (465, '孟云熙', 'Maruyama Corporation', 4, 623.05, 1000.00, '2022-08-23', 1);
INSERT INTO `jz_project_total` VALUES (466, '刘宇宁', 'Anqi Pharmaceutical Company Limited', 5, 634.56, 1000.00, '2021-07-09', 2);
INSERT INTO `jz_project_total` VALUES (467, '冯睿', 'Dorothy Engineering LLC', 2, 639.05, 1000.00, '2022-12-23', 0);
INSERT INTO `jz_project_total` VALUES (468, '姜璐', 'Xiaoming Company Limited', 5, 716.70, 1000.00, '2020-06-18', 1);
INSERT INTO `jz_project_total` VALUES (469, '吴晓明', 'Gonzales Brothers LLC', 4, 161.54, 1000.00, '2020-08-23', 1);
INSERT INTO `jz_project_total` VALUES (470, '任嘉伦', 'Miu Corporation', 2, 809.33, 1000.00, '2021-02-17', 1);
INSERT INTO `jz_project_total` VALUES (471, '钱云熙', 'Nakayama Technology Corporation', 3, 292.48, 1000.00, '2021-06-08', 1);
INSERT INTO `jz_project_total` VALUES (472, '姚嘉伦', 'Norman Inc.', 5, 173.49, 1000.00, '2020-05-24', 1);
INSERT INTO `jz_project_total` VALUES (473, '黎宇宁', 'Hou Kee Company Limited', 3, 714.48, 1000.00, '2022-07-14', 1);
INSERT INTO `jz_project_total` VALUES (474, '王宇宁', 'Xie Kee Trading Company Limited', 2, 149.58, 1000.00, '2020-12-29', 1);
INSERT INTO `jz_project_total` VALUES (475, '罗子异', 'So\'s Limited', 2, 309.40, 1000.00, '2022-04-17', 1);
INSERT INTO `jz_project_total` VALUES (476, '苏璐', 'Rodriguez Brothers Pharmaceutical Inc.', 1, 745.96, 1000.00, '2021-10-26', 1);
INSERT INTO `jz_project_total` VALUES (477, '黄云熙', 'Qiu Kee Electronic Company Limited', 2, 920.58, 1000.00, '2020-04-16', 1);
INSERT INTO `jz_project_total` VALUES (478, '崔安琪', 'Sugawara Network Systems Corporation', 1, 757.55, 1000.00, '2022-02-02', 0);
INSERT INTO `jz_project_total` VALUES (479, '黄秀英', 'Barry Telecommunication Inc.', 3, 729.48, 1000.00, '2022-01-05', 2);
INSERT INTO `jz_project_total` VALUES (480, '李岚', 'Xu Kee Toy Company Limited', 3, 274.84, 1000.00, '2020-01-22', 1);
INSERT INTO `jz_project_total` VALUES (481, '潘震南', 'Liao Kee Logistic Limited', 3, 182.01, 1000.00, '2020-03-08', 1);
INSERT INTO `jz_project_total` VALUES (482, '潘璐', 'Luo Property Company Limited', 3, 566.30, 1000.00, '2020-01-21', 0);
INSERT INTO `jz_project_total` VALUES (483, '郭岚', 'Zitao Electronic Company Limited', 5, 467.56, 1000.00, '2020-01-22', 1);
INSERT INTO `jz_project_total` VALUES (484, '潘璐', 'Xiuying Company Limited', 4, 220.93, 1000.00, '2020-01-30', 2);
INSERT INTO `jz_project_total` VALUES (485, '沈璐', 'Xiaoming Company Limited', 2, 704.17, 1000.00, '2022-09-26', 0);
INSERT INTO `jz_project_total` VALUES (486, '陈安琪', 'Mio Corporation', 4, 456.73, 1000.00, '2022-11-23', 2);
INSERT INTO `jz_project_total` VALUES (487, '汤杰宏', 'Pang Kee Industrial Limited', 4, 392.30, 1000.00, '2021-09-10', 1);
INSERT INTO `jz_project_total` VALUES (488, '姜致远', 'Sai Wing Logistic Limited', 2, 532.07, 1000.00, '2022-11-07', 1);
INSERT INTO `jz_project_total` VALUES (489, '周睿', 'Dawn Network Systems LLC', 4, 136.41, 1000.00, '2021-07-17', 0);
INSERT INTO `jz_project_total` VALUES (490, '常璐', 'Rui Network Systems Company Limited', 2, 753.91, 1000.00, '2021-08-29', 1);
INSERT INTO `jz_project_total` VALUES (491, '崔安琪', 'Miu Food Corporation', 3, 246.61, 1000.00, '2021-06-04', 0);
INSERT INTO `jz_project_total` VALUES (492, '史震南', 'Okamoto Residence Corporation', 4, 714.55, 1000.00, '2022-12-18', 1);
INSERT INTO `jz_project_total` VALUES (493, '汪睿', 'Liao Kee Company Limited', 5, 817.75, 1000.00, '2020-10-30', 2);
INSERT INTO `jz_project_total` VALUES (494, '邱岚', 'Sit Kee Limited', 4, 480.53, 1000.00, '2021-07-11', 1);
INSERT INTO `jz_project_total` VALUES (495, '马杰宏', 'Ka Fai Communications Limited', 4, 503.71, 1000.00, '2022-10-28', 2);
INSERT INTO `jz_project_total` VALUES (496, '钱子异', 'Mo Kee Electronic Company Limited', 2, 966.99, 1000.00, '2022-09-21', 0);
INSERT INTO `jz_project_total` VALUES (497, '何杰宏', 'Yamaguchi Communications Corporation', 2, 243.86, 1000.00, '2022-10-31', 1);
INSERT INTO `jz_project_total` VALUES (498, '邱秀英', 'Zhu Kee Communications Company Limited', 3, 579.12, 1000.00, '2022-11-21', 1);
INSERT INTO `jz_project_total` VALUES (499, '于岚', 'Hara Corporation', 4, 328.90, 1000.00, '2023-01-12', 1);
INSERT INTO `jz_project_total` VALUES (500, '陶秀英', 'Carolyn Logistic LLC', 2, 317.88, 1000.00, '2020-07-22', 0);
INSERT INTO `jz_project_total` VALUES (501, '杨子异', 'Gonzalez Brothers Telecommunication Inc.', 2, 274.32, 1000.00, '2022-10-24', 1);
INSERT INTO `jz_project_total` VALUES (502, '黎睿', 'Yang Company Limited', 5, 185.35, 1000.00, '2020-01-28', 1);
INSERT INTO `jz_project_total` VALUES (503, '郑致远', 'West\'s Electronic LLC', 1, 994.51, 1000.00, '2020-07-20', 2);
INSERT INTO `jz_project_total` VALUES (504, '郝子异', 'Thelma Communications Inc.', 1, 737.04, 1000.00, '2021-12-30', 1);
INSERT INTO `jz_project_total` VALUES (505, '于岚', 'Baker Consultants LLC', 2, 562.65, 1000.00, '2020-02-29', 1);
INSERT INTO `jz_project_total` VALUES (506, '贺詩涵', 'Matsumoto Corporation', 3, 904.29, 1000.00, '2020-05-24', 1);
INSERT INTO `jz_project_total` VALUES (507, '沈岚', 'Yamazaki Pharmaceutical Corporation', 5, 312.81, 1000.00, '2020-05-05', 1);
INSERT INTO `jz_project_total` VALUES (508, '钟璐', 'Ueno Consultants Corporation', 2, 978.71, 1000.00, '2021-09-10', 1);
INSERT INTO `jz_project_total` VALUES (509, '贾睿', 'Jia Company Limited', 2, 496.22, 1000.00, '2021-08-22', 1);
INSERT INTO `jz_project_total` VALUES (510, '姜秀英', 'Jialun Company Limited', 3, 768.45, 1000.00, '2022-02-24', 1);
INSERT INTO `jz_project_total` VALUES (511, '薛杰宏', 'Sze Yu Logistic Limited', 5, 131.48, 1000.00, '2021-02-08', 2);
INSERT INTO `jz_project_total` VALUES (512, '潘睿', 'Han Kee Communications Limited', 3, 484.22, 1000.00, '2021-09-14', 2);
INSERT INTO `jz_project_total` VALUES (513, '熊子韬', 'James Brothers Inc.', 5, 385.36, 1000.00, '2021-09-18', 0);
INSERT INTO `jz_project_total` VALUES (514, '高杰宏', 'Wing Sze Logistic Limited', 2, 562.01, 1000.00, '2021-11-18', 1);
INSERT INTO `jz_project_total` VALUES (515, '曹嘉伦', 'Zhiyuan Consultants Company Limited', 3, 122.76, 1000.00, '2022-04-09', 0);
INSERT INTO `jz_project_total` VALUES (516, '马晓明', 'Tsui Kee Limited', 5, 728.37, 1000.00, '2020-04-02', 1);
INSERT INTO `jz_project_total` VALUES (517, '罗詩涵', 'Yuen Kee Limited', 3, 109.48, 1000.00, '2021-03-06', 1);
INSERT INTO `jz_project_total` VALUES (518, '高宇宁', 'Dixon\'s Inc.', 1, 369.03, 1000.00, '2021-03-19', 1);
INSERT INTO `jz_project_total` VALUES (519, '莫秀英', 'Aoi Corporation', 3, 490.51, 1000.00, '2020-07-12', 0);
INSERT INTO `jz_project_total` VALUES (520, '程安琪', 'April Inc.', 4, 582.77, 1000.00, '2020-12-09', 0);
INSERT INTO `jz_project_total` VALUES (521, '邵晓明', 'Fujita Corporation', 3, 833.87, 1000.00, '2020-05-15', 2);
INSERT INTO `jz_project_total` VALUES (522, '何杰宏', 'Silva\'s Trading LLC', 2, 521.65, 1000.00, '2021-02-12', 0);
INSERT INTO `jz_project_total` VALUES (523, '袁致远', 'Ka Fai Logistic Limited', 2, 607.05, 1000.00, '2020-08-31', 1);
INSERT INTO `jz_project_total` VALUES (524, '张杰宏', 'Wilson Brothers Electronic Inc.', 4, 222.57, 1000.00, '2021-12-29', 1);
INSERT INTO `jz_project_total` VALUES (525, '胡岚', 'Daisuke Corporation', 4, 385.81, 1000.00, '2022-07-09', 0);
INSERT INTO `jz_project_total` VALUES (526, '任岚', 'Rin Toy Corporation', 4, 350.17, 1000.00, '2021-11-01', 1);
INSERT INTO `jz_project_total` VALUES (527, '史詩涵', 'Miu Corporation', 2, 725.51, 1000.00, '2022-08-13', 1);
INSERT INTO `jz_project_total` VALUES (528, '魏子异', 'Ayato Corporation', 4, 485.71, 1000.00, '2021-08-02', 0);
INSERT INTO `jz_project_total` VALUES (529, '顾晓明', 'Hazuki Corporation', 4, 952.15, 1000.00, '2021-10-12', 1);
INSERT INTO `jz_project_total` VALUES (530, '金秀英', 'Hicks\'s Trading Inc.', 1, 865.23, 1000.00, '2022-10-30', 0);
INSERT INTO `jz_project_total` VALUES (531, '贾安琪', 'Porter Brothers LLC', 2, 360.54, 1000.00, '2022-10-08', 0);
INSERT INTO `jz_project_total` VALUES (532, '姚安琪', 'Wing Suen Limited', 3, 586.89, 1000.00, '2020-07-22', 0);
INSERT INTO `jz_project_total` VALUES (533, '熊岚', 'Kwan Kee Engineering Limited', 4, 726.32, 1000.00, '2022-10-30', 0);
INSERT INTO `jz_project_total` VALUES (534, '卢秀英', 'Tsz Hin Logistic Limited', 5, 228.34, 1000.00, '2020-06-09', 1);
INSERT INTO `jz_project_total` VALUES (535, '武子韬', 'Ikki Residence Corporation', 5, 356.90, 1000.00, '2022-08-29', 2);
INSERT INTO `jz_project_total` VALUES (536, '邹睿', 'Hu Electronic Company Limited', 4, 274.90, 1000.00, '2020-12-07', 2);
INSERT INTO `jz_project_total` VALUES (537, '余璐', 'Munoz Network Systems Inc.', 2, 102.75, 1000.00, '2020-03-22', 0);
INSERT INTO `jz_project_total` VALUES (538, '潘晓明', 'Hina Pharmaceutical Corporation', 1, 787.56, 1000.00, '2020-08-26', 1);
INSERT INTO `jz_project_total` VALUES (539, '于云熙', 'Kim Engineering Inc.', 5, 623.31, 1000.00, '2021-04-21', 2);
INSERT INTO `jz_project_total` VALUES (540, '韩宇宁', 'Anqi Consultants Company Limited', 3, 811.09, 1000.00, '2021-04-21', 2);
INSERT INTO `jz_project_total` VALUES (541, '王詩涵', 'Ming Sze Electronic Limited', 3, 460.17, 1000.00, '2022-03-01', 1);
INSERT INTO `jz_project_total` VALUES (542, '宋晓明', 'Roy Communications LLC', 3, 630.58, 1000.00, '2022-11-18', 2);
INSERT INTO `jz_project_total` VALUES (543, '林致远', 'Lu Communications Company Limited', 3, 908.28, 1000.00, '2022-12-26', 1);
INSERT INTO `jz_project_total` VALUES (544, '夏安琪', 'Ethel Inc.', 3, 627.69, 1000.00, '2022-06-03', 0);
INSERT INTO `jz_project_total` VALUES (545, '段嘉伦', 'John Technology Inc.', 1, 824.67, 1000.00, '2020-01-02', 1);
INSERT INTO `jz_project_total` VALUES (546, '薛安琪', 'Hok Yau Limited', 3, 932.57, 1000.00, '2022-01-13', 1);
INSERT INTO `jz_project_total` VALUES (547, '莫杰宏', 'Miguel Network Systems Inc.', 4, 542.14, 1000.00, '2021-12-05', 1);
INSERT INTO `jz_project_total` VALUES (548, '杜秀英', 'Lai Kee Limited', 3, 784.31, 1000.00, '2020-06-02', 1);
INSERT INTO `jz_project_total` VALUES (549, '丁云熙', 'Sakamoto Toy Corporation', 2, 824.34, 1000.00, '2021-02-05', 1);
INSERT INTO `jz_project_total` VALUES (550, '蒋嘉伦', 'Akina Corporation', 4, 316.97, 1000.00, '2022-03-15', 0);
INSERT INTO `jz_project_total` VALUES (551, '丁秀英', 'Ikki Telecommunication Corporation', 3, 501.76, 1000.00, '2022-09-08', 2);
INSERT INTO `jz_project_total` VALUES (552, '胡詩涵', 'Duan Kee Network Systems Company Limited', 1, 199.23, 1000.00, '2023-01-22', 2);
INSERT INTO `jz_project_total` VALUES (553, '任云熙', 'Jiang Company Limited', 1, 499.65, 1000.00, '2022-03-23', 1);
INSERT INTO `jz_project_total` VALUES (554, '向杰宏', 'Sze Kwan Consultants Limited', 3, 811.11, 1000.00, '2022-06-27', 1);
INSERT INTO `jz_project_total` VALUES (555, '莫杰宏', 'Ryota Corporation', 2, 227.43, 1000.00, '2020-08-25', 0);
INSERT INTO `jz_project_total` VALUES (556, '谭杰宏', 'Charles Consultants Inc.', 3, 528.74, 1000.00, '2022-11-26', 1);
INSERT INTO `jz_project_total` VALUES (557, '谭岚', 'Zheng Engineering Company Limited', 1, 220.58, 1000.00, '2022-11-01', 0);
INSERT INTO `jz_project_total` VALUES (558, '赵震南', 'Lee\'s Technology Limited', 3, 657.07, 1000.00, '2022-11-03', 0);
INSERT INTO `jz_project_total` VALUES (559, '陶宇宁', 'Scott Consultants LLC', 1, 214.11, 1000.00, '2020-10-03', 1);
INSERT INTO `jz_project_total` VALUES (560, '姚致远', 'Lu Company Limited', 2, 269.00, 1000.00, '2022-07-16', 1);
INSERT INTO `jz_project_total` VALUES (561, '马嘉伦', 'Kevin Trading Inc.', 1, 492.92, 1000.00, '2022-01-01', 0);
INSERT INTO `jz_project_total` VALUES (562, '刘云熙', 'Ren Logistic Corporation', 2, 568.02, 1000.00, '2022-06-12', 0);
INSERT INTO `jz_project_total` VALUES (563, '韩晓明', 'Chavez LLC', 5, 441.47, 1000.00, '2021-01-29', 0);
INSERT INTO `jz_project_total` VALUES (564, '邱杰宏', 'Kenta Food Corporation', 1, 169.98, 1000.00, '2021-08-15', 1);
INSERT INTO `jz_project_total` VALUES (565, '卢震南', 'Tin Wing Trading Limited', 1, 548.15, 1000.00, '2021-05-29', 1);
INSERT INTO `jz_project_total` VALUES (566, '刘子异', 'Wing Kuen Network Systems Limited', 4, 292.68, 1000.00, '2020-09-19', 2);
INSERT INTO `jz_project_total` VALUES (567, '卢杰宏', 'Han Engineering Company Limited', 4, 730.57, 1000.00, '2020-01-22', 1);
INSERT INTO `jz_project_total` VALUES (568, '邹云熙', 'Wing Sze Food Limited', 3, 697.93, 1000.00, '2021-05-13', 2);
INSERT INTO `jz_project_total` VALUES (569, '姚子韬', 'Wing Fat Limited', 3, 727.47, 1000.00, '2020-08-12', 1);
INSERT INTO `jz_project_total` VALUES (570, '潘岚', 'Shihan Communications Company Limited', 3, 611.97, 1000.00, '2022-01-08', 1);
INSERT INTO `jz_project_total` VALUES (571, '贺云熙', 'Rui Telecommunication Company Limited', 3, 818.53, 1000.00, '2022-07-02', 0);
INSERT INTO `jz_project_total` VALUES (572, '朱岚', 'Ono Corporation', 3, 307.48, 1000.00, '2020-12-15', 0);
INSERT INTO `jz_project_total` VALUES (573, '杨宇宁', 'Hikari Logistic Corporation', 1, 930.08, 1000.00, '2020-06-10', 0);
INSERT INTO `jz_project_total` VALUES (574, '金璐', 'Hung\'s Consultants Limited', 3, 575.90, 1000.00, '2021-08-28', 1);
INSERT INTO `jz_project_total` VALUES (575, '刘宇宁', 'Hazuki Corporation', 4, 427.90, 1000.00, '2022-10-28', 1);
INSERT INTO `jz_project_total` VALUES (576, '孟詩涵', 'Yota Food Corporation', 3, 218.91, 1000.00, '2020-06-15', 1);
INSERT INTO `jz_project_total` VALUES (577, '石宇宁', 'Lu Food Company Limited', 3, 316.41, 1000.00, '2021-02-13', 2);
INSERT INTO `jz_project_total` VALUES (578, '方子异', 'Aoshi Communications Corporation', 1, 432.46, 1000.00, '2021-04-29', 1);
INSERT INTO `jz_project_total` VALUES (579, '姜震南', 'Yau\'s Limited', 4, 470.05, 1000.00, '2022-06-20', 0);
INSERT INTO `jz_project_total` VALUES (580, '段詩涵', 'Lu Company Limited', 4, 953.23, 1000.00, '2022-10-14', 1);
INSERT INTO `jz_project_total` VALUES (581, '许宇宁', 'Ting Fung Pharmaceutical Limited', 4, 626.02, 1000.00, '2020-12-27', 2);
INSERT INTO `jz_project_total` VALUES (582, '罗震南', 'Jiehong Pharmaceutical Company Limited', 4, 999.45, 1000.00, '2022-03-27', 2);
INSERT INTO `jz_project_total` VALUES (583, '尹詩涵', 'Kazuma Pharmaceutical Corporation', 4, 483.64, 1000.00, '2021-04-10', 2);
INSERT INTO `jz_project_total` VALUES (584, '秦岚', 'Ziyi Electronic Company Limited', 4, 534.07, 1000.00, '2023-01-06', 0);
INSERT INTO `jz_project_total` VALUES (585, '任璐', 'Ka Ling Limited', 3, 634.29, 1000.00, '2020-03-08', 1);
INSERT INTO `jz_project_total` VALUES (586, '陶子韬', 'Ishii Food Corporation', 5, 878.65, 1000.00, '2021-04-17', 1);
INSERT INTO `jz_project_total` VALUES (587, '崔詩涵', 'Ng\'s Industrial Limited', 3, 102.09, 1000.00, '2020-04-14', 1);
INSERT INTO `jz_project_total` VALUES (588, '彭詩涵', 'Ryota Consultants Corporation', 3, 283.23, 1000.00, '2021-12-30', 1);
INSERT INTO `jz_project_total` VALUES (589, '董致远', 'Han Kee Electronic Limited', 2, 936.43, 1000.00, '2023-01-16', 0);
INSERT INTO `jz_project_total` VALUES (590, '韦秀英', 'Dale Engineering LLC', 3, 355.90, 1000.00, '2022-02-26', 1);
INSERT INTO `jz_project_total` VALUES (591, '陈震南', 'Dong Company Limited', 1, 269.79, 1000.00, '2022-08-30', 1);
INSERT INTO `jz_project_total` VALUES (592, '姚子异', 'Yamato Corporation', 1, 339.93, 1000.00, '2022-10-30', 1);
INSERT INTO `jz_project_total` VALUES (593, '邱璐', 'Sheh\'s Industrial Limited', 3, 723.91, 1000.00, '2021-11-18', 2);
INSERT INTO `jz_project_total` VALUES (594, '邱杰宏', 'Bennett\'s Inc.', 4, 308.03, 1000.00, '2021-09-08', 2);
INSERT INTO `jz_project_total` VALUES (595, '高杰宏', 'Hazuki Toy Corporation', 2, 518.88, 1000.00, '2020-12-16', 1);
INSERT INTO `jz_project_total` VALUES (596, '丁致远', 'Long\'s Inc.', 2, 870.62, 1000.00, '2022-05-22', 1);
INSERT INTO `jz_project_total` VALUES (597, '苏杰宏', 'Rice Brothers Inc.', 4, 670.43, 1000.00, '2022-04-16', 1);
INSERT INTO `jz_project_total` VALUES (598, '钱岚', 'Fong\'s Limited', 4, 308.76, 1000.00, '2021-03-08', 0);
INSERT INTO `jz_project_total` VALUES (599, '郭云熙', 'Yuen Kee Limited', 4, 292.37, 1000.00, '2022-03-07', 2);
INSERT INTO `jz_project_total` VALUES (600, '杨睿', 'Torres Brothers Pharmaceutical Inc.', 3, 121.38, 1000.00, '2021-04-13', 0);
INSERT INTO `jz_project_total` VALUES (601, '贺安琪', 'Hara Consultants Corporation', 2, 177.69, 1000.00, '2022-12-27', 1);
INSERT INTO `jz_project_total` VALUES (602, '姚致远', 'Chang Kee Engineering Company Limited', 3, 137.43, 1000.00, '2022-07-23', 1);
INSERT INTO `jz_project_total` VALUES (603, '雷子异', 'Xiuying Toy Company Limited', 3, 323.59, 1000.00, '2022-06-02', 1);
INSERT INTO `jz_project_total` VALUES (604, '余安琪', 'Chen Engineering LLC', 4, 991.51, 1000.00, '2022-05-25', 1);
INSERT INTO `jz_project_total` VALUES (605, '卢震南', 'Monica Software LLC', 4, 161.68, 1000.00, '2020-07-04', 2);
INSERT INTO `jz_project_total` VALUES (606, '田岚', 'Kim Inc.', 4, 663.77, 1000.00, '2021-07-12', 1);
INSERT INTO `jz_project_total` VALUES (607, '任宇宁', 'Abe Corporation', 1, 243.71, 1000.00, '2021-08-17', 1);
INSERT INTO `jz_project_total` VALUES (608, '吴致远', 'Ka Ling Property Limited', 3, 218.34, 1000.00, '2021-02-03', 2);
INSERT INTO `jz_project_total` VALUES (609, '武杰宏', 'Sasaki Corporation', 2, 584.02, 1000.00, '2020-04-03', 2);
INSERT INTO `jz_project_total` VALUES (610, '邹致远', 'Okamoto Corporation', 4, 911.08, 1000.00, '2022-11-12', 2);
INSERT INTO `jz_project_total` VALUES (611, '郭杰宏', 'Janice Telecommunication Inc.', 4, 178.17, 1000.00, '2021-07-30', 0);
INSERT INTO `jz_project_total` VALUES (612, '严嘉伦', 'Sugiyama Pharmaceutical Corporation', 2, 880.12, 1000.00, '2021-05-29', 1);
INSERT INTO `jz_project_total` VALUES (613, '潘子异', 'Wai Man Limited', 4, 330.95, 1000.00, '2022-11-07', 0);
INSERT INTO `jz_project_total` VALUES (614, '侯云熙', 'Yu Ling Logistic Limited', 4, 169.91, 1000.00, '2022-04-17', 0);
INSERT INTO `jz_project_total` VALUES (615, '罗秀英', 'Okamoto Corporation', 3, 911.76, 1000.00, '2022-08-04', 1);
INSERT INTO `jz_project_total` VALUES (616, '袁致远', 'Ka Ming Limited', 1, 560.30, 1000.00, '2022-08-10', 1);
INSERT INTO `jz_project_total` VALUES (617, '郝杰宏', 'Tong Kee Limited', 4, 500.15, 1000.00, '2022-05-22', 0);
INSERT INTO `jz_project_total` VALUES (618, '蔡秀英', 'Loui Kee Logistic Limited', 1, 812.41, 1000.00, '2020-04-01', 0);
INSERT INTO `jz_project_total` VALUES (619, '严杰宏', 'Kwok\'s Electronic Limited', 4, 742.44, 1000.00, '2022-07-18', 2);
INSERT INTO `jz_project_total` VALUES (620, '戴云熙', 'Yuto Consultants Corporation', 3, 732.26, 1000.00, '2020-03-01', 2);
INSERT INTO `jz_project_total` VALUES (621, '高宇宁', 'Hernandez Brothers Inc.', 4, 983.83, 1000.00, '2020-08-13', 1);
INSERT INTO `jz_project_total` VALUES (622, '孟云熙', 'Shino Corporation', 4, 656.49, 1000.00, '2021-02-05', 1);
INSERT INTO `jz_project_total` VALUES (623, '于震南', 'Tsz Ching Pharmaceutical Limited', 4, 671.49, 1000.00, '2022-09-29', 1);
INSERT INTO `jz_project_total` VALUES (624, '邹杰宏', 'Shing\'s Telecommunication Limited', 3, 157.14, 1000.00, '2022-06-08', 2);
INSERT INTO `jz_project_total` VALUES (625, '宋晓明', 'Miu Kee Communications Limited', 4, 835.12, 1000.00, '2020-01-09', 2);
INSERT INTO `jz_project_total` VALUES (626, '廖宇宁', 'Yun Fat Limited', 4, 478.53, 1000.00, '2021-04-12', 1);
INSERT INTO `jz_project_total` VALUES (627, '崔子韬', 'Rodriguez Brothers LLC', 2, 565.35, 1000.00, '2020-09-22', 1);
INSERT INTO `jz_project_total` VALUES (628, '崔岚', 'Ueno Technology Corporation', 3, 943.59, 1000.00, '2020-07-08', 2);
INSERT INTO `jz_project_total` VALUES (629, '丁岚', 'Jiang Kee Food Company Limited', 1, 715.97, 1000.00, '2021-02-27', 1);
INSERT INTO `jz_project_total` VALUES (630, '钟璐', 'Yunxi Development & Trading Company Limited', 5, 493.60, 1000.00, '2020-11-03', 0);
INSERT INTO `jz_project_total` VALUES (631, '卢致远', 'Michelle Pharmaceutical LLC', 5, 200.79, 1000.00, '2021-08-29', 1);
INSERT INTO `jz_project_total` VALUES (632, '崔秀英', 'Chang Food Company Limited', 4, 815.65, 1000.00, '2022-02-02', 1);
INSERT INTO `jz_project_total` VALUES (633, '熊震南', 'Anqi Company Limited', 3, 683.13, 1000.00, '2022-07-26', 0);
INSERT INTO `jz_project_total` VALUES (634, '黎子韬', 'Ryota Communications Corporation', 1, 468.66, 1000.00, '2020-05-22', 2);
INSERT INTO `jz_project_total` VALUES (635, '姚子异', 'Chieh Lun Limited', 3, 476.25, 1000.00, '2020-10-29', 2);
INSERT INTO `jz_project_total` VALUES (636, '刘安琪', 'Xiuying Company Limited', 4, 894.03, 1000.00, '2020-10-26', 2);
INSERT INTO `jz_project_total` VALUES (637, '段睿', 'Shino Corporation', 2, 451.98, 1000.00, '2020-04-10', 0);
INSERT INTO `jz_project_total` VALUES (638, '龚杰宏', 'Man Kee Limited', 4, 564.17, 1000.00, '2021-06-16', 1);
INSERT INTO `jz_project_total` VALUES (639, '熊詩涵', 'Coleman\'s LLC', 3, 664.08, 1000.00, '2020-05-15', 1);
INSERT INTO `jz_project_total` VALUES (640, '朱睿', 'Lu Trading Company Limited', 2, 515.77, 1000.00, '2021-05-30', 1);
INSERT INTO `jz_project_total` VALUES (641, '许安琪', 'Leung Kee Consultants Limited', 2, 714.09, 1000.00, '2022-11-19', 1);
INSERT INTO `jz_project_total` VALUES (642, '杨秀英', 'Shihan Network Systems Company Limited', 2, 624.10, 1000.00, '2021-12-28', 1);
INSERT INTO `jz_project_total` VALUES (643, '钱秀英', 'Juan Software Inc.', 2, 275.43, 1000.00, '2021-08-17', 2);
INSERT INTO `jz_project_total` VALUES (644, '姚詩涵', 'Zou Kee Pharmaceutical Company Limited', 3, 846.14, 1000.00, '2022-01-09', 0);
INSERT INTO `jz_project_total` VALUES (645, '戴晓明', 'Momoe Pharmaceutical Corporation', 2, 440.00, 1000.00, '2021-12-11', 1);
INSERT INTO `jz_project_total` VALUES (646, '阎震南', 'Tsang\'s Technology Limited', 5, 676.65, 1000.00, '2020-12-09', 1);
INSERT INTO `jz_project_total` VALUES (647, '魏秀英', 'Ka Ming Limited', 1, 379.12, 1000.00, '2022-12-14', 1);
INSERT INTO `jz_project_total` VALUES (648, '毛秀英', 'Du Company Limited', 2, 966.42, 1000.00, '2023-01-06', 2);
INSERT INTO `jz_project_total` VALUES (649, '曹子异', 'Ayano Corporation', 2, 750.38, 1000.00, '2021-01-12', 1);
INSERT INTO `jz_project_total` VALUES (650, '傅宇宁', 'Xiaoming Consultants Company Limited', 3, 686.33, 1000.00, '2022-10-13', 2);
INSERT INTO `jz_project_total` VALUES (651, '杜云熙', 'Shihan Company Limited', 2, 706.51, 1000.00, '2021-10-22', 2);
INSERT INTO `jz_project_total` VALUES (652, '马杰宏', 'Donna LLC', 2, 741.49, 1000.00, '2020-08-22', 0);
INSERT INTO `jz_project_total` VALUES (653, '尹致远', 'Jiehong Network Systems Company Limited', 5, 810.11, 1000.00, '2020-11-12', 2);
INSERT INTO `jz_project_total` VALUES (654, '范詩涵', 'Okamoto Corporation', 3, 361.02, 1000.00, '2020-03-15', 1);
INSERT INTO `jz_project_total` VALUES (655, '韦云熙', 'Kimura Corporation', 3, 308.50, 1000.00, '2022-11-04', 2);
INSERT INTO `jz_project_total` VALUES (656, '熊安琪', 'Jennifer Logistic Inc.', 4, 452.53, 1000.00, '2020-06-18', 2);
INSERT INTO `jz_project_total` VALUES (657, '陆岚', 'Xiuying Company Limited', 2, 136.93, 1000.00, '2020-09-10', 1);
INSERT INTO `jz_project_total` VALUES (658, '魏睿', 'Kelly Telecommunication LLC', 1, 461.74, 1000.00, '2020-06-24', 2);
INSERT INTO `jz_project_total` VALUES (659, '汤子韬', 'Medina\'s Consultants Inc.', 2, 215.72, 1000.00, '2022-01-18', 1);
INSERT INTO `jz_project_total` VALUES (660, '朱杰宏', 'Abe Telecommunication Corporation', 3, 982.28, 1000.00, '2020-11-03', 2);
INSERT INTO `jz_project_total` VALUES (661, '卢璐', 'Koon\'s Limited', 1, 270.42, 1000.00, '2022-07-30', 0);
INSERT INTO `jz_project_total` VALUES (662, '王嘉伦', 'Gonzales\'s LLC', 2, 215.88, 1000.00, '2022-09-09', 2);
INSERT INTO `jz_project_total` VALUES (663, '傅晓明', 'Sau Man Development & Trading Limited', 3, 547.95, 1000.00, '2022-02-22', 2);
INSERT INTO `jz_project_total` VALUES (664, '彭安琪', 'Robinson Brothers Inc.', 4, 828.81, 1000.00, '2020-01-03', 2);
INSERT INTO `jz_project_total` VALUES (665, '钟睿', 'Xiong Kee Company Limited', 4, 260.25, 1000.00, '2021-12-25', 1);
INSERT INTO `jz_project_total` VALUES (666, '朱震南', 'Kazuma Corporation', 2, 172.35, 1000.00, '2020-08-14', 0);
INSERT INTO `jz_project_total` VALUES (667, '段璐', 'Jialun Development & Trading Company Limited', 4, 303.89, 1000.00, '2022-03-30', 1);
INSERT INTO `jz_project_total` VALUES (668, '金睿', 'Mori Network Systems Corporation', 2, 944.77, 1000.00, '2021-12-09', 0);
INSERT INTO `jz_project_total` VALUES (669, '金嘉伦', 'Carter Brothers Inc.', 2, 471.95, 1000.00, '2022-12-13', 0);
INSERT INTO `jz_project_total` VALUES (670, '秦杰宏', 'Yan Company Limited', 3, 374.38, 1000.00, '2022-01-10', 2);
INSERT INTO `jz_project_total` VALUES (671, '杨詩涵', 'Sum Wing Toy Limited', 4, 582.54, 1000.00, '2022-05-16', 1);
INSERT INTO `jz_project_total` VALUES (672, '于子韬', 'Jerry Inc.', 3, 417.74, 1000.00, '2022-01-03', 2);
INSERT INTO `jz_project_total` VALUES (673, '邱睿', 'Tsz Ching Limited', 2, 119.18, 1000.00, '2022-07-25', 1);
INSERT INTO `jz_project_total` VALUES (674, '严睿', 'Ching Wan Logistic Limited', 4, 274.39, 1000.00, '2023-01-06', 1);
INSERT INTO `jz_project_total` VALUES (675, '叶子异', 'Yeung Kee Engineering Limited', 4, 227.61, 1000.00, '2021-07-19', 1);
INSERT INTO `jz_project_total` VALUES (676, '方岚', 'Miu\'s Food Limited', 2, 104.83, 1000.00, '2020-02-22', 1);
INSERT INTO `jz_project_total` VALUES (677, '程子韬', 'Salazar\'s Pharmaceutical LLC', 3, 154.35, 1000.00, '2022-12-02', 0);
INSERT INTO `jz_project_total` VALUES (678, '罗岚', 'Tsui\'s Limited', 2, 742.45, 1000.00, '2020-08-15', 2);
INSERT INTO `jz_project_total` VALUES (679, '孙子韬', 'Jackson Engineering Inc.', 2, 675.05, 1000.00, '2022-08-28', 1);
INSERT INTO `jz_project_total` VALUES (680, '龚璐', 'Matsumoto Corporation', 4, 258.04, 1000.00, '2021-01-01', 1);
INSERT INTO `jz_project_total` VALUES (681, '吴晓明', 'Sherry Telecommunication Inc.', 4, 488.39, 1000.00, '2022-11-15', 2);
INSERT INTO `jz_project_total` VALUES (682, '石岚', 'Hana Food Corporation', 5, 608.55, 1000.00, '2022-10-05', 1);
INSERT INTO `jz_project_total` VALUES (683, '雷岚', 'He Electronic Company Limited', 2, 421.34, 1000.00, '2022-05-20', 0);
INSERT INTO `jz_project_total` VALUES (684, '史睿', 'Randall Inc.', 3, 771.67, 1000.00, '2021-08-12', 0);
INSERT INTO `jz_project_total` VALUES (685, '黎宇宁', 'Christine Food Inc.', 3, 819.28, 1000.00, '2021-08-09', 1);
INSERT INTO `jz_project_total` VALUES (686, '熊杰宏', 'Tsz Hin Electronic Limited', 5, 258.24, 1000.00, '2021-08-06', 2);
INSERT INTO `jz_project_total` VALUES (687, '莫岚', 'Kelly Pharmaceutical LLC', 2, 991.61, 1000.00, '2021-02-07', 1);
INSERT INTO `jz_project_total` VALUES (688, '姜杰宏', 'Wing Kuen Limited', 4, 541.58, 1000.00, '2021-08-24', 2);
INSERT INTO `jz_project_total` VALUES (689, '石睿', 'Aoshi Electronic Corporation', 2, 558.79, 1000.00, '2021-11-01', 1);
INSERT INTO `jz_project_total` VALUES (690, '孙宇宁', 'Ching Wan Technology Limited', 1, 475.83, 1000.00, '2021-02-22', 0);
INSERT INTO `jz_project_total` VALUES (691, '袁致远', 'Anqi Engineering Company Limited', 3, 471.65, 1000.00, '2021-04-02', 1);
INSERT INTO `jz_project_total` VALUES (692, '陶安琪', 'Zhong Engineering Company Limited', 3, 161.85, 1000.00, '2020-07-02', 1);
INSERT INTO `jz_project_total` VALUES (693, '陶震南', 'Patel\'s Network Systems LLC', 4, 130.58, 1000.00, '2020-07-02', 0);
INSERT INTO `jz_project_total` VALUES (694, '陶安琪', 'Wang Kee Property Company Limited', 3, 826.25, 1000.00, '2020-02-17', 1);
INSERT INTO `jz_project_total` VALUES (695, '周杰宏', 'Lo Kee Logistic Limited', 3, 380.26, 1000.00, '2022-01-23', 2);
INSERT INTO `jz_project_total` VALUES (696, '罗秀英', 'Koo Kee Limited', 3, 180.39, 1000.00, '2020-06-16', 2);
INSERT INTO `jz_project_total` VALUES (697, '熊秀英', 'Fan\'s Toy Limited', 5, 669.80, 1000.00, '2021-09-06', 1);
INSERT INTO `jz_project_total` VALUES (698, '段璐', 'Xiong Consultants Company Limited', 2, 601.82, 1000.00, '2022-06-01', 2);
INSERT INTO `jz_project_total` VALUES (699, '贺云熙', 'Hikari Corporation', 4, 951.20, 1000.00, '2021-02-28', 1);
INSERT INTO `jz_project_total` VALUES (700, '黄云熙', 'Qian Engineering Company Limited', 2, 349.99, 1000.00, '2021-07-17', 1);
INSERT INTO `jz_project_total` VALUES (701, '李杰宏', 'Zitao Engineering Company Limited', 2, 214.26, 1000.00, '2020-02-04', 0);
INSERT INTO `jz_project_total` VALUES (702, '王杰宏', 'Ng Kee Limited', 4, 403.03, 1000.00, '2023-01-14', 0);
INSERT INTO `jz_project_total` VALUES (703, '余子异', 'Yuan Kee Network Systems Company Limited', 1, 248.95, 1000.00, '2022-09-17', 0);
INSERT INTO `jz_project_total` VALUES (704, '陈致远', 'Ferguson Brothers Inc.', 2, 117.09, 1000.00, '2022-06-21', 0);
INSERT INTO `jz_project_total` VALUES (705, '武岚', 'Shino Logistic Corporation', 4, 603.45, 1000.00, '2020-11-03', 2);
INSERT INTO `jz_project_total` VALUES (706, '姜子韬', 'Ziyi Company Limited', 3, 147.58, 1000.00, '2021-11-19', 1);
INSERT INTO `jz_project_total` VALUES (707, '冯晓明', 'Spencer\'s LLC', 5, 169.04, 1000.00, '2022-07-10', 1);
INSERT INTO `jz_project_total` VALUES (708, '张致远', 'Jialun Electronic Company Limited', 3, 300.93, 1000.00, '2020-03-11', 0);
INSERT INTO `jz_project_total` VALUES (709, '史致远', 'Ichikawa Corporation', 4, 739.88, 1000.00, '2020-08-16', 1);
INSERT INTO `jz_project_total` VALUES (710, '胡秀英', 'Woods\'s Trading Inc.', 4, 364.94, 1000.00, '2022-03-03', 2);
INSERT INTO `jz_project_total` VALUES (711, '任秀英', 'Li Kee Company Limited', 2, 538.16, 1000.00, '2021-11-07', 2);
INSERT INTO `jz_project_total` VALUES (712, '邹宇宁', 'Yunxi Electronic Company Limited', 5, 838.04, 1000.00, '2020-02-15', 2);
INSERT INTO `jz_project_total` VALUES (713, '崔安琪', 'Yuning Electronic Company Limited', 5, 852.57, 1000.00, '2021-10-23', 1);
INSERT INTO `jz_project_total` VALUES (714, '钱岚', 'Philip LLC', 4, 534.72, 1000.00, '2022-12-09', 2);
INSERT INTO `jz_project_total` VALUES (715, '戴震南', 'Airi Pharmaceutical Corporation', 2, 510.52, 1000.00, '2021-03-01', 1);
INSERT INTO `jz_project_total` VALUES (716, '魏晓明', 'Seiko Logistic Corporation', 3, 571.92, 1000.00, '2021-05-01', 1);
INSERT INTO `jz_project_total` VALUES (717, '韩致远', 'Ziyi Company Limited', 2, 394.21, 1000.00, '2021-06-10', 1);
INSERT INTO `jz_project_total` VALUES (718, '钟岚', 'Rin Residence Corporation', 3, 343.93, 1000.00, '2020-02-03', 2);
INSERT INTO `jz_project_total` VALUES (719, '萧秀英', 'Tam Kee Logistic Limited', 3, 101.27, 1000.00, '2021-05-31', 0);
INSERT INTO `jz_project_total` VALUES (720, '常震南', 'Maeda Corporation', 4, 404.21, 1000.00, '2021-01-27', 1);
INSERT INTO `jz_project_total` VALUES (721, '姚子异', 'Thelma LLC', 4, 360.07, 1000.00, '2022-11-24', 2);
INSERT INTO `jz_project_total` VALUES (722, '邵璐', 'Arimura Food Corporation', 1, 673.74, 1000.00, '2021-08-31', 1);
INSERT INTO `jz_project_total` VALUES (723, '苏子韬', 'Rui Company Limited', 5, 740.87, 1000.00, '2021-12-31', 2);
INSERT INTO `jz_project_total` VALUES (724, '朱岚', 'Fong\'s Limited', 3, 431.76, 1000.00, '2020-02-03', 1);
INSERT INTO `jz_project_total` VALUES (725, '萧杰宏', 'Ryota Telecommunication Corporation', 3, 689.52, 1000.00, '2022-08-24', 0);
INSERT INTO `jz_project_total` VALUES (726, '陆宇宁', 'Akina Network Systems Corporation', 2, 781.72, 1000.00, '2020-11-07', 1);
INSERT INTO `jz_project_total` VALUES (727, '韦璐', 'Shimizu Corporation', 4, 150.45, 1000.00, '2020-03-31', 0);
INSERT INTO `jz_project_total` VALUES (728, '杜致远', 'Tsui Kee Limited', 5, 530.95, 1000.00, '2020-08-23', 0);
INSERT INTO `jz_project_total` VALUES (729, '孟云熙', 'Cheung Kee Limited', 2, 594.04, 1000.00, '2020-09-29', 1);
INSERT INTO `jz_project_total` VALUES (730, '顾秀英', 'Miller Network Systems Inc.', 1, 291.41, 1000.00, '2020-02-10', 1);
INSERT INTO `jz_project_total` VALUES (731, '陆子异', 'Tanaka Toy Corporation', 2, 222.71, 1000.00, '2020-06-28', 0);
INSERT INTO `jz_project_total` VALUES (732, '胡震南', 'Ota Electronic Corporation', 3, 325.58, 1000.00, '2022-04-16', 0);
INSERT INTO `jz_project_total` VALUES (733, '方璐', 'Kimura Corporation', 4, 678.18, 1000.00, '2021-03-25', 1);
INSERT INTO `jz_project_total` VALUES (734, '魏震南', 'Chieh Lun Logistic Limited', 4, 194.08, 1000.00, '2022-05-03', 1);
INSERT INTO `jz_project_total` VALUES (735, '龚云熙', 'Hirano Corporation', 2, 447.25, 1000.00, '2020-06-04', 0);
INSERT INTO `jz_project_total` VALUES (736, '武璐', 'Rachel Software Inc.', 1, 581.92, 1000.00, '2020-04-21', 2);
INSERT INTO `jz_project_total` VALUES (737, '萧子韬', 'Lu Kee Company Limited', 2, 383.54, 1000.00, '2020-07-06', 0);
INSERT INTO `jz_project_total` VALUES (738, '戴震南', 'Stephen LLC', 3, 306.76, 1000.00, '2020-08-10', 0);
INSERT INTO `jz_project_total` VALUES (739, '孔子异', 'Perez LLC', 4, 982.28, 1000.00, '2022-08-28', 1);
INSERT INTO `jz_project_total` VALUES (740, '韦詩涵', 'Rin Food Corporation', 4, 624.55, 1000.00, '2020-03-27', 1);
INSERT INTO `jz_project_total` VALUES (741, '杨子韬', 'Ayato Corporation', 3, 675.42, 1000.00, '2022-06-22', 2);
INSERT INTO `jz_project_total` VALUES (742, '彭子韬', 'Seiko Toy Corporation', 4, 470.13, 1000.00, '2020-01-03', 2);
INSERT INTO `jz_project_total` VALUES (743, '谭晓明', 'Diaz\'s Communications LLC', 2, 411.11, 1000.00, '2021-09-06', 1);
INSERT INTO `jz_project_total` VALUES (744, '胡宇宁', 'Schmidt\'s LLC', 4, 432.57, 1000.00, '2022-12-23', 0);
INSERT INTO `jz_project_total` VALUES (745, '汪震南', 'Wong Kee Communications Limited', 3, 755.26, 1000.00, '2022-10-12', 2);
INSERT INTO `jz_project_total` VALUES (746, '钟云熙', 'Qin Company Limited', 3, 890.96, 1000.00, '2021-12-22', 1);
INSERT INTO `jz_project_total` VALUES (747, '向安琪', 'Kar Yan Limited', 4, 789.59, 1000.00, '2022-07-27', 0);
INSERT INTO `jz_project_total` VALUES (748, '严嘉伦', 'Ding Company Limited', 3, 776.01, 1000.00, '2021-01-10', 2);
INSERT INTO `jz_project_total` VALUES (749, '杜致远', 'Valerie Network Systems Inc.', 3, 380.91, 1000.00, '2021-01-07', 0);
INSERT INTO `jz_project_total` VALUES (750, '朱致远', 'Hughes LLC', 5, 710.52, 1000.00, '2021-11-15', 0);
INSERT INTO `jz_project_total` VALUES (751, '叶秀英', 'Kao\'s Toy Limited', 5, 221.36, 1000.00, '2022-08-09', 1);
INSERT INTO `jz_project_total` VALUES (752, '钱安琪', 'Tse\'s Trading Limited', 3, 259.61, 1000.00, '2021-04-01', 2);
INSERT INTO `jz_project_total` VALUES (753, '何秀英', 'Allen Toy LLC', 4, 499.17, 1000.00, '2020-10-24', 1);
INSERT INTO `jz_project_total` VALUES (754, '梁云熙', 'Yue\'s Limited', 5, 218.02, 1000.00, '2022-06-11', 1);
INSERT INTO `jz_project_total` VALUES (755, '崔嘉伦', 'Aoi Corporation', 1, 426.73, 1000.00, '2021-08-02', 1);
INSERT INTO `jz_project_total` VALUES (756, '黎宇宁', 'Ruth Telecommunication Inc.', 4, 994.14, 1000.00, '2023-01-11', 0);
INSERT INTO `jz_project_total` VALUES (757, '王秀英', 'Lau Kee Logistic Limited', 3, 261.05, 1000.00, '2022-09-25', 0);
INSERT INTO `jz_project_total` VALUES (758, '秦睿', 'Rui Company Limited', 2, 803.13, 1000.00, '2022-01-17', 2);
INSERT INTO `jz_project_total` VALUES (759, '赵詩涵', 'Xiong Kee Communications Company Limited', 2, 539.41, 1000.00, '2021-09-10', 1);
INSERT INTO `jz_project_total` VALUES (760, '郑宇宁', 'Wai Man Consultants Limited', 5, 385.54, 1000.00, '2020-05-05', 2);
INSERT INTO `jz_project_total` VALUES (761, '范璐', 'Liang Kee Pharmaceutical Company Limited', 4, 348.74, 1000.00, '2020-09-20', 1);
INSERT INTO `jz_project_total` VALUES (762, '范詩涵', 'Nakano Pharmaceutical Corporation', 3, 214.65, 1000.00, '2020-10-02', 1);
INSERT INTO `jz_project_total` VALUES (763, '雷睿', 'Lai Yan Development & Trading Limited', 4, 919.87, 1000.00, '2020-06-21', 0);
INSERT INTO `jz_project_total` VALUES (764, '黎云熙', 'Ishikawa Electronic Corporation', 1, 114.63, 1000.00, '2020-01-16', 2);
INSERT INTO `jz_project_total` VALUES (765, '罗睿', 'Tamura Network Systems Corporation', 2, 709.25, 1000.00, '2022-11-20', 0);
INSERT INTO `jz_project_total` VALUES (766, '胡致远', 'Yota Toy Corporation', 4, 928.05, 1000.00, '2020-08-08', 0);
INSERT INTO `jz_project_total` VALUES (767, '胡璐', 'Song Kee Company Limited', 3, 647.59, 1000.00, '2022-06-22', 2);
INSERT INTO `jz_project_total` VALUES (768, '戴秀英', 'Rivera Engineering LLC', 2, 554.26, 1000.00, '2021-01-15', 0);
INSERT INTO `jz_project_total` VALUES (769, '邱子异', 'Murakami Logistic Corporation', 2, 341.70, 1000.00, '2022-07-26', 1);
INSERT INTO `jz_project_total` VALUES (770, '钱岚', 'Ho\'s Limited', 2, 225.24, 1000.00, '2020-06-01', 1);
INSERT INTO `jz_project_total` VALUES (771, '龙致远', 'Yip Kee Limited', 4, 111.93, 1000.00, '2022-11-26', 0);
INSERT INTO `jz_project_total` VALUES (772, '许震南', 'Koyama Corporation', 4, 610.47, 1000.00, '2021-01-15', 1);
INSERT INTO `jz_project_total` VALUES (773, '范宇宁', 'Garcia Consultants LLC', 1, 821.01, 1000.00, '2020-10-15', 2);
INSERT INTO `jz_project_total` VALUES (774, '贺詩涵', 'Graham Brothers LLC', 5, 297.30, 1000.00, '2022-09-02', 2);
INSERT INTO `jz_project_total` VALUES (775, '严晓明', 'Ren Corporation', 3, 402.86, 1000.00, '2021-07-10', 1);
INSERT INTO `jz_project_total` VALUES (776, '高璐', 'Travis Food Inc.', 4, 375.86, 1000.00, '2020-06-04', 1);
INSERT INTO `jz_project_total` VALUES (777, '曹杰宏', 'Lai Yan Limited', 5, 787.18, 1000.00, '2022-03-20', 2);
INSERT INTO `jz_project_total` VALUES (778, '罗岚', 'Deborah Inc.', 1, 580.25, 1000.00, '2020-05-27', 2);
INSERT INTO `jz_project_total` VALUES (779, '尹震南', 'Yung Kee Electronic Limited', 2, 847.34, 1000.00, '2021-08-11', 0);
INSERT INTO `jz_project_total` VALUES (780, '石子异', 'Richard Inc.', 2, 901.03, 1000.00, '2021-01-15', 1);
INSERT INTO `jz_project_total` VALUES (781, '汪致远', 'Green Brothers Inc.', 4, 778.30, 1000.00, '2021-07-28', 0);
INSERT INTO `jz_project_total` VALUES (782, '黎嘉伦', 'Xiaoming Electronic Company Limited', 4, 516.66, 1000.00, '2022-08-25', 0);
INSERT INTO `jz_project_total` VALUES (783, '苏睿', 'Kwong Kee Food Limited', 3, 523.47, 1000.00, '2021-03-08', 2);
INSERT INTO `jz_project_total` VALUES (784, '余安琪', 'Yunxi Company Limited', 4, 808.20, 1000.00, '2021-07-04', 1);
INSERT INTO `jz_project_total` VALUES (785, '韦杰宏', 'Roy LLC', 3, 915.02, 1000.00, '2020-12-15', 2);
INSERT INTO `jz_project_total` VALUES (786, '李安琪', 'Johnson\'s Trading Inc.', 3, 770.48, 1000.00, '2021-07-18', 0);
INSERT INTO `jz_project_total` VALUES (787, '孟致远', 'Sau Man Electronic Limited', 2, 465.03, 1000.00, '2022-10-05', 2);
INSERT INTO `jz_project_total` VALUES (788, '陶致远', 'Wong Kee Toy Limited', 2, 952.79, 1000.00, '2021-03-31', 1);
INSERT INTO `jz_project_total` VALUES (789, '余震南', 'Wai Yee Limited', 3, 345.16, 1000.00, '2021-07-13', 2);
INSERT INTO `jz_project_total` VALUES (790, '余宇宁', 'Wai Yee Limited', 1, 288.49, 1000.00, '2021-05-03', 1);
INSERT INTO `jz_project_total` VALUES (791, '韩睿', 'Sara Telecommunication Corporation', 4, 958.12, 1000.00, '2020-02-19', 0);
INSERT INTO `jz_project_total` VALUES (792, '刘子异', 'Anqi Food Company Limited', 2, 653.99, 1000.00, '2022-10-20', 1);
INSERT INTO `jz_project_total` VALUES (793, '史震南', 'Williams\'s Inc.', 3, 699.50, 1000.00, '2022-01-07', 1);
INSERT INTO `jz_project_total` VALUES (794, '姚宇宁', 'Tsui Kee Technology Limited', 1, 196.12, 1000.00, '2020-12-27', 1);
INSERT INTO `jz_project_total` VALUES (795, '吴震南', 'Richardson LLC', 5, 577.64, 1000.00, '2021-02-01', 1);
INSERT INTO `jz_project_total` VALUES (796, '姚璐', 'Nanami Corporation', 4, 601.44, 1000.00, '2020-01-25', 1);
INSERT INTO `jz_project_total` VALUES (797, '马岚', 'Kwok Ming Logistic Limited', 4, 872.88, 1000.00, '2020-04-28', 2);
INSERT INTO `jz_project_total` VALUES (798, '龚璐', 'Zitao Technology Company Limited', 2, 507.39, 1000.00, '2022-10-21', 2);
INSERT INTO `jz_project_total` VALUES (799, '罗子韬', 'Zeng Kee Engineering Company Limited', 3, 974.75, 1000.00, '2022-12-13', 0);
INSERT INTO `jz_project_total` VALUES (800, '夏安琪', 'Sakura Residence Corporation', 4, 526.70, 1000.00, '2021-01-04', 1);
INSERT INTO `jz_project_total` VALUES (801, '邱岚', 'Hok Yau Engineering Limited', 2, 365.00, 1000.00, '2020-01-20', 1);
INSERT INTO `jz_project_total` VALUES (802, '崔致远', 'Yuito Communications Corporation', 4, 563.89, 1000.00, '2021-09-27', 1);
INSERT INTO `jz_project_total` VALUES (803, '蒋詩涵', 'Perry\'s Food Inc.', 1, 830.67, 1000.00, '2022-08-13', 0);
INSERT INTO `jz_project_total` VALUES (804, '尹秀英', 'Matsui Technology Corporation', 4, 992.95, 1000.00, '2023-01-08', 1);
INSERT INTO `jz_project_total` VALUES (805, '金致远', 'Bobby LLC', 4, 332.58, 1000.00, '2022-06-18', 1);
INSERT INTO `jz_project_total` VALUES (806, '林嘉伦', 'Yuning Communications Company Limited', 2, 920.86, 1000.00, '2021-11-25', 2);
INSERT INTO `jz_project_total` VALUES (807, '蔡嘉伦', 'Shi Pharmaceutical Company Limited', 4, 535.61, 1000.00, '2022-02-23', 1);
INSERT INTO `jz_project_total` VALUES (808, '吴嘉伦', 'Xiaoming Company Limited', 3, 443.17, 1000.00, '2021-09-07', 2);
INSERT INTO `jz_project_total` VALUES (809, '周岚', 'Ren Communications Corporation', 5, 167.42, 1000.00, '2021-01-04', 2);
INSERT INTO `jz_project_total` VALUES (810, '钱安琪', 'Maruyama Food Corporation', 4, 345.72, 1000.00, '2020-01-20', 1);
INSERT INTO `jz_project_total` VALUES (811, '莫嘉伦', 'Riku Food Corporation', 3, 179.14, 1000.00, '2021-09-03', 1);
INSERT INTO `jz_project_total` VALUES (812, '韩子韬', 'Fang Kee Property Company Limited', 4, 592.70, 1000.00, '2020-10-09', 1);
INSERT INTO `jz_project_total` VALUES (813, '吴杰宏', 'Ka Fai Limited', 3, 867.46, 1000.00, '2020-05-26', 1);
INSERT INTO `jz_project_total` VALUES (814, '孟晓明', 'Ziyi Trading Company Limited', 2, 496.56, 1000.00, '2022-03-01', 0);
INSERT INTO `jz_project_total` VALUES (815, '郝致远', 'Hui Mei Limited', 5, 590.42, 1000.00, '2021-09-25', 1);
INSERT INTO `jz_project_total` VALUES (816, '许子异', 'Kwan\'s Development & Trading Limited', 4, 681.18, 1000.00, '2021-08-02', 1);
INSERT INTO `jz_project_total` VALUES (817, '秦震南', 'Wells LLC', 4, 694.44, 1000.00, '2021-07-17', 1);
INSERT INTO `jz_project_total` VALUES (818, '蔡璐', 'Zitao Trading Company Limited', 1, 652.57, 1000.00, '2022-09-23', 1);
INSERT INTO `jz_project_total` VALUES (819, '邓子异', 'Bailey LLC', 4, 817.43, 1000.00, '2020-10-05', 2);
INSERT INTO `jz_project_total` VALUES (820, '武云熙', 'Jiang Kee Company Limited', 2, 353.50, 1000.00, '2022-11-11', 2);
INSERT INTO `jz_project_total` VALUES (821, '曾致远', 'Hina Corporation', 3, 511.06, 1000.00, '2022-05-06', 1);
INSERT INTO `jz_project_total` VALUES (822, '武震南', 'Kojima Corporation', 4, 959.81, 1000.00, '2021-08-08', 2);
INSERT INTO `jz_project_total` VALUES (823, '钱岚', 'Fujii Logistic Corporation', 4, 346.00, 1000.00, '2022-05-19', 0);
INSERT INTO `jz_project_total` VALUES (824, '郑晓明', 'Ka Fai Limited', 4, 313.59, 1000.00, '2022-03-14', 2);
INSERT INTO `jz_project_total` VALUES (825, '崔子韬', 'Xiuying Telecommunication Company Limited', 4, 363.39, 1000.00, '2022-03-13', 1);
INSERT INTO `jz_project_total` VALUES (826, '黄宇宁', 'Cook Inc.', 2, 643.17, 1000.00, '2020-09-25', 2);
INSERT INTO `jz_project_total` VALUES (827, '韦宇宁', 'Palmer Consultants Inc.', 3, 114.95, 1000.00, '2022-07-02', 2);
INSERT INTO `jz_project_total` VALUES (828, '谢睿', 'Emma Pharmaceutical LLC', 4, 568.00, 1000.00, '2022-03-15', 0);
INSERT INTO `jz_project_total` VALUES (829, '贺嘉伦', 'Nakamori Corporation', 2, 999.62, 1000.00, '2020-04-01', 1);
INSERT INTO `jz_project_total` VALUES (830, '尹璐', 'Andrea Consultants Inc.', 4, 552.64, 1000.00, '2021-01-14', 2);
INSERT INTO `jz_project_total` VALUES (831, '孙嘉伦', 'White\'s Telecommunication LLC', 1, 125.44, 1000.00, '2022-11-26', 1);
INSERT INTO `jz_project_total` VALUES (832, '黄安琪', 'Mo Technology Company Limited', 5, 301.55, 1000.00, '2020-04-25', 1);
INSERT INTO `jz_project_total` VALUES (833, '谢子韬', 'James Inc.', 5, 434.95, 1000.00, '2021-01-07', 2);
INSERT INTO `jz_project_total` VALUES (834, '余岚', 'Cheng Kee Engineering Limited', 3, 742.41, 1000.00, '2021-11-21', 2);
INSERT INTO `jz_project_total` VALUES (835, '尹安琪', 'Fung\'s Pharmaceutical Limited', 2, 219.33, 1000.00, '2020-01-08', 2);
INSERT INTO `jz_project_total` VALUES (836, '雷岚', 'Man\'s Technology Limited', 3, 720.11, 1000.00, '2020-08-09', 1);
INSERT INTO `jz_project_total` VALUES (837, '徐子异', 'Phillips Brothers Communications Inc.', 2, 853.83, 1000.00, '2022-04-22', 0);
INSERT INTO `jz_project_total` VALUES (838, '顾致远', 'Wei Food Company Limited', 4, 496.86, 1000.00, '2021-02-25', 0);
INSERT INTO `jz_project_total` VALUES (839, '段詩涵', 'Tang Kee Communications Limited', 5, 357.81, 1000.00, '2020-07-28', 1);
INSERT INTO `jz_project_total` VALUES (840, '黎睿', 'Guzman Inc.', 4, 718.32, 1000.00, '2020-05-30', 2);
INSERT INTO `jz_project_total` VALUES (841, '龚震南', 'Yuning Company Limited', 4, 700.55, 1000.00, '2020-05-27', 1);
INSERT INTO `jz_project_total` VALUES (842, '彭嘉伦', 'Taniguchi Pharmaceutical Corporation', 4, 547.87, 1000.00, '2022-08-24', 0);
INSERT INTO `jz_project_total` VALUES (843, '蔡詩涵', 'Lan Company Limited', 3, 341.34, 1000.00, '2021-06-21', 1);
INSERT INTO `jz_project_total` VALUES (844, '董睿', 'Fox LLC', 3, 696.90, 1000.00, '2022-04-15', 0);
INSERT INTO `jz_project_total` VALUES (845, '魏震南', 'Yun Fat Limited', 2, 122.51, 1000.00, '2021-01-18', 1);
INSERT INTO `jz_project_total` VALUES (846, '沈震南', 'April Inc.', 3, 956.36, 1000.00, '2020-09-15', 1);
INSERT INTO `jz_project_total` VALUES (847, '杨杰宏', 'Ka Keung Development & Trading Limited', 4, 912.42, 1000.00, '2022-06-09', 1);
INSERT INTO `jz_project_total` VALUES (848, '贺震南', 'Maruyama Electronic Corporation', 2, 188.39, 1000.00, '2020-05-15', 2);
INSERT INTO `jz_project_total` VALUES (849, '唐震南', 'Ryota Corporation', 2, 107.43, 1000.00, '2020-12-24', 1);
INSERT INTO `jz_project_total` VALUES (850, '顾云熙', 'Wai Man Engineering Limited', 3, 432.79, 1000.00, '2022-02-27', 0);
INSERT INTO `jz_project_total` VALUES (851, '史璐', 'Zitao Company Limited', 4, 645.45, 1000.00, '2020-01-13', 1);
INSERT INTO `jz_project_total` VALUES (852, '何岚', 'Xiuying Pharmaceutical Company Limited', 2, 773.35, 1000.00, '2021-09-18', 1);
INSERT INTO `jz_project_total` VALUES (853, '蒋致远', 'Jialun Company Limited', 2, 456.55, 1000.00, '2020-05-10', 2);
INSERT INTO `jz_project_total` VALUES (854, '谢子韬', 'Daniels\'s Technology Inc.', 2, 176.06, 1000.00, '2022-01-25', 0);
INSERT INTO `jz_project_total` VALUES (855, '戴子异', 'Tse\'s Limited', 4, 414.39, 1000.00, '2022-12-18', 0);
INSERT INTO `jz_project_total` VALUES (856, '孟致远', 'Billy Software LLC', 2, 839.08, 1000.00, '2021-07-18', 0);
INSERT INTO `jz_project_total` VALUES (857, '宋詩涵', 'Ka Fai Logistic Limited', 2, 770.69, 1000.00, '2020-05-01', 0);
INSERT INTO `jz_project_total` VALUES (858, '贾子异', 'Saito Toy Corporation', 1, 758.94, 1000.00, '2022-09-26', 0);
INSERT INTO `jz_project_total` VALUES (859, '田嘉伦', 'Yota Consultants Corporation', 2, 883.52, 1000.00, '2023-01-12', 2);
INSERT INTO `jz_project_total` VALUES (860, '常子异', 'Watson Software Inc.', 1, 175.30, 1000.00, '2020-10-22', 1);
INSERT INTO `jz_project_total` VALUES (861, '范璐', 'Wing Suen Limited', 2, 663.44, 1000.00, '2020-09-08', 1);
INSERT INTO `jz_project_total` VALUES (862, '徐安琪', 'Hana Logistic Corporation', 3, 239.19, 1000.00, '2021-12-29', 1);
INSERT INTO `jz_project_total` VALUES (863, '谭安琪', 'Ryota Food Corporation', 5, 746.02, 1000.00, '2021-02-05', 2);
INSERT INTO `jz_project_total` VALUES (864, '侯璐', 'Xu Electronic Company Limited', 3, 706.72, 1000.00, '2020-05-21', 2);
INSERT INTO `jz_project_total` VALUES (865, '马杰宏', 'Meng\'s Toy Limited', 3, 532.17, 1000.00, '2022-06-01', 2);
INSERT INTO `jz_project_total` VALUES (866, '方震南', 'Hikari Pharmaceutical Corporation', 4, 426.75, 1000.00, '2020-01-20', 0);
INSERT INTO `jz_project_total` VALUES (867, '邱子韬', 'Josephine Communications LLC', 1, 688.61, 1000.00, '2021-09-15', 1);
INSERT INTO `jz_project_total` VALUES (868, '苏宇宁', 'Rivera Brothers Inc.', 4, 663.19, 1000.00, '2022-08-30', 2);
INSERT INTO `jz_project_total` VALUES (869, '杨宇宁', 'Wong\'s Logistic Limited', 2, 516.43, 1000.00, '2020-04-12', 0);
INSERT INTO `jz_project_total` VALUES (870, '邵云熙', 'Fu\'s Logistic Limited', 4, 428.54, 1000.00, '2020-12-04', 1);
INSERT INTO `jz_project_total` VALUES (871, '曹岚', 'Kwok Yin Limited', 3, 557.85, 1000.00, '2021-09-21', 1);
INSERT INTO `jz_project_total` VALUES (872, '蒋安琪', 'Chi Ming Industrial Limited', 4, 974.82, 1000.00, '2020-01-16', 0);
INSERT INTO `jz_project_total` VALUES (873, '尹睿', 'Ziyi Company Limited', 5, 106.19, 1000.00, '2021-04-07', 1);
INSERT INTO `jz_project_total` VALUES (874, '石晓明', 'Seiko Corporation', 4, 534.15, 1000.00, '2022-10-31', 2);
INSERT INTO `jz_project_total` VALUES (875, '孔詩涵', 'Kwok Kuen Limited', 4, 772.54, 1000.00, '2020-03-09', 1);
INSERT INTO `jz_project_total` VALUES (876, '唐詩涵', 'Henry Inc.', 3, 663.60, 1000.00, '2020-03-14', 2);
INSERT INTO `jz_project_total` VALUES (877, '曾宇宁', 'Hirano Toy Corporation', 3, 819.41, 1000.00, '2022-12-19', 1);
INSERT INTO `jz_project_total` VALUES (878, '龚子韬', 'Sakurai Network Systems Corporation', 3, 595.24, 1000.00, '2021-05-11', 2);
INSERT INTO `jz_project_total` VALUES (879, '冯震南', 'Xiuying Pharmaceutical Company Limited', 2, 392.66, 1000.00, '2022-08-15', 0);
INSERT INTO `jz_project_total` VALUES (880, '刘嘉伦', 'Lei Telecommunication Company Limited', 1, 629.57, 1000.00, '2022-02-18', 1);
INSERT INTO `jz_project_total` VALUES (881, '赵震南', 'Wai Man Engineering Limited', 1, 367.25, 1000.00, '2020-12-13', 1);
INSERT INTO `jz_project_total` VALUES (882, '方睿', 'Tao Kee Company Limited', 2, 645.07, 1000.00, '2022-07-06', 2);
INSERT INTO `jz_project_total` VALUES (883, '韦宇宁', 'Lok\'s Electronic Limited', 3, 125.46, 1000.00, '2023-01-10', 0);
INSERT INTO `jz_project_total` VALUES (884, '田云熙', 'Hashimoto Technology Corporation', 1, 909.23, 1000.00, '2021-01-15', 1);
INSERT INTO `jz_project_total` VALUES (885, '于安琪', 'Tan Kee Consultants Company Limited', 5, 551.44, 1000.00, '2021-02-05', 0);
INSERT INTO `jz_project_total` VALUES (886, '胡杰宏', 'Au\'s Limited', 3, 706.71, 1000.00, '2021-08-20', 0);
INSERT INTO `jz_project_total` VALUES (887, '董致远', 'Sherry Engineering Inc.', 2, 318.13, 1000.00, '2022-03-21', 1);
INSERT INTO `jz_project_total` VALUES (888, '尹云熙', 'Phillip Food Inc.', 3, 755.98, 1000.00, '2022-01-23', 0);
INSERT INTO `jz_project_total` VALUES (889, '汪云熙', 'Lan Company Limited', 5, 505.02, 1000.00, '2022-06-11', 2);
INSERT INTO `jz_project_total` VALUES (890, '崔安琪', 'Jimenez Consultants LLC', 5, 418.85, 1000.00, '2022-04-24', 1);
INSERT INTO `jz_project_total` VALUES (891, '沈宇宁', 'Lo Kee Logistic Limited', 4, 865.40, 1000.00, '2022-12-24', 1);
INSERT INTO `jz_project_total` VALUES (892, '余致远', 'Hou Kee Industrial Company Limited', 2, 562.72, 1000.00, '2020-05-23', 1);
INSERT INTO `jz_project_total` VALUES (893, '崔杰宏', 'Miura Corporation', 3, 796.92, 1000.00, '2022-07-24', 1);
INSERT INTO `jz_project_total` VALUES (894, '杜宇宁', 'Tamura Corporation', 3, 631.48, 1000.00, '2022-01-25', 1);
INSERT INTO `jz_project_total` VALUES (895, '毛致远', 'Roger Engineering LLC', 3, 579.50, 1000.00, '2020-04-14', 0);
INSERT INTO `jz_project_total` VALUES (896, '王云熙', 'Sarah Inc.', 3, 631.14, 1000.00, '2022-07-12', 2);
INSERT INTO `jz_project_total` VALUES (897, '余震南', 'Hirano Corporation', 2, 695.21, 1000.00, '2022-05-16', 1);
INSERT INTO `jz_project_total` VALUES (898, '尹嘉伦', 'Tong Kee Consultants Limited', 3, 728.54, 1000.00, '2022-01-19', 1);
INSERT INTO `jz_project_total` VALUES (899, '熊嘉伦', 'Charles Consultants Inc.', 2, 123.42, 1000.00, '2020-10-08', 1);
INSERT INTO `jz_project_total` VALUES (900, '郑震南', 'Che\'s Limited', 5, 815.98, 1000.00, '2022-04-22', 1);
INSERT INTO `jz_project_total` VALUES (901, '江子韬', 'Rice Trading Inc.', 5, 330.02, 1000.00, '2020-04-04', 2);
INSERT INTO `jz_project_total` VALUES (902, '罗杰宏', 'Herrera Brothers Inc.', 2, 158.92, 1000.00, '2021-08-29', 1);
INSERT INTO `jz_project_total` VALUES (903, '宋杰宏', 'Rita Electronic Inc.', 5, 654.89, 1000.00, '2022-10-26', 1);
INSERT INTO `jz_project_total` VALUES (904, '叶杰宏', 'Sharon Network Systems LLC', 2, 721.46, 1000.00, '2022-05-02', 1);
INSERT INTO `jz_project_total` VALUES (905, '孟宇宁', 'Ayato Logistic Corporation', 4, 304.08, 1000.00, '2022-03-22', 2);
INSERT INTO `jz_project_total` VALUES (906, '陶子异', 'Anqi Company Limited', 4, 717.70, 1000.00, '2022-09-11', 1);
INSERT INTO `jz_project_total` VALUES (907, '邵致远', 'Nakamura Corporation', 5, 354.96, 1000.00, '2020-06-06', 0);
INSERT INTO `jz_project_total` VALUES (908, '蒋安琪', 'Chen Kee Toy Company Limited', 4, 745.15, 1000.00, '2020-07-10', 1);
INSERT INTO `jz_project_total` VALUES (909, '胡子韬', 'Ka Man Property Limited', 3, 249.89, 1000.00, '2021-08-19', 1);
INSERT INTO `jz_project_total` VALUES (910, '彭詩涵', 'Koon\'s Pharmaceutical Limited', 5, 744.95, 1000.00, '2021-12-08', 1);
INSERT INTO `jz_project_total` VALUES (911, '向杰宏', 'Shi Trading Company Limited', 2, 616.07, 1000.00, '2021-08-21', 2);
INSERT INTO `jz_project_total` VALUES (912, '陆璐', 'Dong Kee Company Limited', 5, 705.94, 1000.00, '2020-01-20', 2);
INSERT INTO `jz_project_total` VALUES (913, '秦秀英', 'Yu Ling Limited', 3, 864.06, 1000.00, '2022-02-08', 2);
INSERT INTO `jz_project_total` VALUES (914, '萧杰宏', 'Ka Fai Limited', 3, 356.13, 1000.00, '2021-06-09', 1);
INSERT INTO `jz_project_total` VALUES (915, '赵云熙', 'William LLC', 3, 320.67, 1000.00, '2022-02-22', 1);
INSERT INTO `jz_project_total` VALUES (916, '任晓明', 'Ishii Telecommunication Corporation', 3, 752.44, 1000.00, '2020-06-05', 2);
INSERT INTO `jz_project_total` VALUES (917, '郭秀英', 'Miu Corporation', 2, 767.79, 1000.00, '2020-06-11', 2);
INSERT INTO `jz_project_total` VALUES (918, '莫岚', 'Ling Ling Limited', 1, 960.29, 1000.00, '2021-12-27', 1);
INSERT INTO `jz_project_total` VALUES (919, '曹子异', 'Rebecca Logistic Inc.', 2, 149.24, 1000.00, '2022-06-19', 0);
INSERT INTO `jz_project_total` VALUES (920, '马子异', 'Sakurai Food Corporation', 4, 698.18, 1000.00, '2022-11-28', 1);
INSERT INTO `jz_project_total` VALUES (921, '郭致远', 'Clark Food LLC', 4, 934.54, 1000.00, '2021-04-14', 0);
INSERT INTO `jz_project_total` VALUES (922, '周宇宁', 'Zitao Company Limited', 4, 139.20, 1000.00, '2022-10-09', 1);
INSERT INTO `jz_project_total` VALUES (923, '沈晓明', 'Anqi Company Limited', 1, 370.41, 1000.00, '2021-06-09', 1);
INSERT INTO `jz_project_total` VALUES (924, '邵睿', 'Hirano Corporation', 2, 405.03, 1000.00, '2020-12-24', 1);
INSERT INTO `jz_project_total` VALUES (925, '侯璐', 'Nelson Brothers Logistic Inc.', 2, 897.26, 1000.00, '2021-08-14', 1);
INSERT INTO `jz_project_total` VALUES (926, '吴睿', 'Edwin Inc.', 1, 593.83, 1000.00, '2021-07-01', 0);
INSERT INTO `jz_project_total` VALUES (927, '董子韬', 'Jiang Development & Trading Company Limited', 2, 535.56, 1000.00, '2022-04-03', 1);
INSERT INTO `jz_project_total` VALUES (928, '严子韬', 'Kelley Brothers Food Inc.', 1, 450.70, 1000.00, '2020-05-05', 0);
INSERT INTO `jz_project_total` VALUES (929, '龚安琪', 'Ren Technology Corporation', 1, 343.20, 1000.00, '2022-03-12', 1);
INSERT INTO `jz_project_total` VALUES (930, '丁致远', 'Ogawa Corporation', 5, 672.39, 1000.00, '2022-10-17', 1);
INSERT INTO `jz_project_total` VALUES (931, '高震南', 'Daniels Electronic Inc.', 2, 922.05, 1000.00, '2022-05-29', 1);
INSERT INTO `jz_project_total` VALUES (932, '韩睿', 'Joan Logistic LLC', 2, 871.72, 1000.00, '2020-12-24', 0);
INSERT INTO `jz_project_total` VALUES (933, '方子异', 'Mai Logistic Corporation', 3, 733.14, 1000.00, '2020-04-17', 2);
INSERT INTO `jz_project_total` VALUES (934, '邵晓明', 'Fox\'s Logistic Inc.', 4, 923.28, 1000.00, '2020-01-17', 1);
INSERT INTO `jz_project_total` VALUES (935, '李云熙', 'Maeda Food Corporation', 4, 803.46, 1000.00, '2021-01-24', 0);
INSERT INTO `jz_project_total` VALUES (936, '谢杰宏', 'Tong Kee Toy Limited', 2, 172.39, 1000.00, '2021-12-31', 1);
INSERT INTO `jz_project_total` VALUES (937, '崔宇宁', 'Song Kee Property Company Limited', 5, 106.59, 1000.00, '2021-06-02', 0);
INSERT INTO `jz_project_total` VALUES (938, '梁致远', 'Qian Development & Trading Company Limited', 4, 131.15, 1000.00, '2020-12-03', 2);
INSERT INTO `jz_project_total` VALUES (939, '姜子异', 'Xu Kee Company Limited', 3, 898.35, 1000.00, '2021-02-17', 0);
INSERT INTO `jz_project_total` VALUES (940, '邵致远', 'Yip Kee Communications Limited', 1, 116.08, 1000.00, '2022-06-21', 1);
INSERT INTO `jz_project_total` VALUES (941, '宋云熙', 'Xiuying Company Limited', 3, 831.88, 1000.00, '2022-02-21', 2);
INSERT INTO `jz_project_total` VALUES (942, '王子韬', 'Garza LLC', 4, 737.24, 1000.00, '2020-07-28', 2);
INSERT INTO `jz_project_total` VALUES (943, '雷杰宏', 'Howard Brothers LLC', 3, 554.45, 1000.00, '2022-10-07', 2);
INSERT INTO `jz_project_total` VALUES (944, '何詩涵', 'Jiang Communications Company Limited', 1, 980.81, 1000.00, '2020-08-09', 0);
INSERT INTO `jz_project_total` VALUES (945, '孙杰宏', 'Ikki Technology Corporation', 2, 814.34, 1000.00, '2021-12-31', 1);
INSERT INTO `jz_project_total` VALUES (946, '韦宇宁', 'Eita Corporation', 1, 457.78, 1000.00, '2021-09-07', 2);
INSERT INTO `jz_project_total` VALUES (947, '周岚', 'Lau\'s Electronic Limited', 2, 163.21, 1000.00, '2020-10-23', 1);
INSERT INTO `jz_project_total` VALUES (948, '林岚', 'Yuito Corporation', 2, 723.03, 1000.00, '2022-02-25', 2);
INSERT INTO `jz_project_total` VALUES (949, '吕睿', 'Daichi Corporation', 1, 714.93, 1000.00, '2022-03-07', 2);
INSERT INTO `jz_project_total` VALUES (950, '朱宇宁', 'Xu Kee Company Limited', 4, 249.78, 1000.00, '2022-01-22', 0);
INSERT INTO `jz_project_total` VALUES (951, '熊杰宏', 'Pan Consultants Company Limited', 2, 738.28, 1000.00, '2022-11-01', 1);
INSERT INTO `jz_project_total` VALUES (952, '陶震南', 'Gu Trading Company Limited', 4, 902.65, 1000.00, '2022-08-12', 2);
INSERT INTO `jz_project_total` VALUES (953, '邵致远', 'Howard Inc.', 3, 610.31, 1000.00, '2022-09-24', 0);
INSERT INTO `jz_project_total` VALUES (954, '薛嘉伦', 'Kwok Kuen Logistic Limited', 2, 538.29, 1000.00, '2020-11-23', 1);
INSERT INTO `jz_project_total` VALUES (955, '李安琪', 'Moreno Brothers Consultants LLC', 4, 688.83, 1000.00, '2022-01-04', 0);
INSERT INTO `jz_project_total` VALUES (956, '廖杰宏', 'Crawford Brothers Inc.', 3, 431.08, 1000.00, '2022-05-13', 2);
INSERT INTO `jz_project_total` VALUES (957, '何詩涵', 'Hok Yau Food Limited', 3, 244.16, 1000.00, '2020-04-19', 1);
INSERT INTO `jz_project_total` VALUES (958, '夏子韬', 'Minato Corporation', 1, 245.09, 1000.00, '2022-03-26', 1);
INSERT INTO `jz_project_total` VALUES (959, '蒋震南', 'Jesus Pharmaceutical LLC', 2, 174.85, 1000.00, '2021-11-21', 1);
INSERT INTO `jz_project_total` VALUES (960, '冯璐', 'Ming Logistic Limited', 5, 216.66, 1000.00, '2022-09-22', 1);
INSERT INTO `jz_project_total` VALUES (961, '钟子异', 'Shimizu Telecommunication Corporation', 5, 218.87, 1000.00, '2022-04-16', 1);
INSERT INTO `jz_project_total` VALUES (962, '汪岚', 'Chow Kee Limited', 1, 958.13, 1000.00, '2020-06-01', 1);
INSERT INTO `jz_project_total` VALUES (963, '向岚', 'Arimura Corporation', 2, 118.40, 1000.00, '2020-08-22', 0);
INSERT INTO `jz_project_total` VALUES (964, '傅晓明', 'Suk Yee Limited', 2, 967.92, 1000.00, '2020-10-14', 1);
INSERT INTO `jz_project_total` VALUES (965, '孙詩涵', 'Russell Brothers LLC', 4, 397.51, 1000.00, '2022-03-20', 2);
INSERT INTO `jz_project_total` VALUES (966, '严杰宏', 'Jialun Food Company Limited', 3, 104.90, 1000.00, '2022-07-05', 2);
INSERT INTO `jz_project_total` VALUES (967, '贾致远', 'Du Industrial Company Limited', 3, 633.43, 1000.00, '2023-01-02', 1);
INSERT INTO `jz_project_total` VALUES (968, '曾致远', 'Nanami Consultants Corporation', 3, 785.61, 1000.00, '2022-04-19', 1);
INSERT INTO `jz_project_total` VALUES (969, '钟致远', 'Liao Company Limited', 3, 519.91, 1000.00, '2021-11-11', 1);
INSERT INTO `jz_project_total` VALUES (970, '谢宇宁', 'Tin\'s Limited', 5, 758.47, 1000.00, '2020-08-06', 2);
INSERT INTO `jz_project_total` VALUES (971, '韦子异', 'Xiaoming Company Limited', 1, 759.15, 1000.00, '2021-08-20', 1);
INSERT INTO `jz_project_total` VALUES (972, '郭晓明', 'Jiang Property Company Limited', 2, 182.58, 1000.00, '2021-08-22', 0);
INSERT INTO `jz_project_total` VALUES (973, '崔致远', 'Henry Consultants Inc.', 4, 830.81, 1000.00, '2020-10-26', 0);
INSERT INTO `jz_project_total` VALUES (974, '宋子异', 'Yunxi Company Limited', 2, 811.85, 1000.00, '2022-02-03', 1);
INSERT INTO `jz_project_total` VALUES (975, '杨嘉伦', 'Cole\'s Network Systems Inc.', 5, 626.90, 1000.00, '2020-08-01', 0);
INSERT INTO `jz_project_total` VALUES (976, '潘子异', 'Zhennan Electronic Company Limited', 3, 212.33, 1000.00, '2021-09-08', 2);
INSERT INTO `jz_project_total` VALUES (977, '石岚', 'Griffin Logistic Inc.', 2, 639.43, 1000.00, '2020-02-29', 1);
INSERT INTO `jz_project_total` VALUES (978, '赵璐', 'Ziyi Company Limited', 5, 858.57, 1000.00, '2020-07-19', 1);
INSERT INTO `jz_project_total` VALUES (979, '卢杰宏', 'Barnes\'s Communications LLC', 3, 625.83, 1000.00, '2020-01-09', 1);
INSERT INTO `jz_project_total` VALUES (980, '戴杰宏', 'Stevens LLC', 4, 746.56, 1000.00, '2021-09-25', 0);
INSERT INTO `jz_project_total` VALUES (981, '方睿', 'Ma Kee Telecommunication Company Limited', 1, 165.37, 1000.00, '2022-01-25', 1);
INSERT INTO `jz_project_total` VALUES (982, '卢睿', 'Daisuke Corporation', 5, 559.41, 1000.00, '2020-07-29', 1);
INSERT INTO `jz_project_total` VALUES (983, '向嘉伦', 'Ota Food Corporation', 2, 943.77, 1000.00, '2021-06-02', 1);
INSERT INTO `jz_project_total` VALUES (984, '郭詩涵', 'Ziyi Toy Company Limited', 4, 947.90, 1000.00, '2020-05-15', 1);
INSERT INTO `jz_project_total` VALUES (985, '郭秀英', 'Yuning Consultants Company Limited', 2, 724.75, 1000.00, '2020-06-11', 1);
INSERT INTO `jz_project_total` VALUES (986, '薛安琪', 'Xue Electronic Company Limited', 3, 385.80, 1000.00, '2021-09-18', 0);
INSERT INTO `jz_project_total` VALUES (987, '苏晓明', 'Tsz Hin Electronic Limited', 4, 926.26, 1000.00, '2021-12-25', 2);
INSERT INTO `jz_project_total` VALUES (988, '袁秀英', 'Kar Yan Food Limited', 3, 551.05, 1000.00, '2022-03-30', 1);
INSERT INTO `jz_project_total` VALUES (989, '马詩涵', 'Rena Corporation', 4, 691.06, 1000.00, '2022-05-22', 0);
INSERT INTO `jz_project_total` VALUES (990, '秦致远', 'Kwok Wing Consultants Limited', 2, 196.77, 1000.00, '2022-07-18', 2);
INSERT INTO `jz_project_total` VALUES (991, '刘岚', 'Qian Company Limited', 3, 937.08, 1000.00, '2020-12-09', 0);
INSERT INTO `jz_project_total` VALUES (992, '邹致远', 'Yamamoto Corporation', 3, 418.11, 1000.00, '2022-05-04', 1);
INSERT INTO `jz_project_total` VALUES (993, '马子异', 'Hirano Logistic Corporation', 2, 120.09, 1000.00, '2020-04-23', 1);
INSERT INTO `jz_project_total` VALUES (994, '王震南', 'Tsubasa Network Systems Corporation', 5, 651.40, 1000.00, '2021-10-16', 1);
INSERT INTO `jz_project_total` VALUES (995, '郝岚', 'Boyd\'s Logistic Inc.', 1, 948.13, 1000.00, '2021-10-14', 1);
INSERT INTO `jz_project_total` VALUES (996, '袁晓明', 'Jesse Toy Inc.', 3, 332.16, 1000.00, '2020-01-05', 1);
INSERT INTO `jz_project_total` VALUES (997, '阎安琪', 'Mai Consultants Corporation', 5, 360.90, 1000.00, '2022-05-01', 0);
INSERT INTO `jz_project_total` VALUES (998, '冯云熙', 'Maruyama Corporation', 3, 407.17, 1000.00, '2021-03-25', 1);
INSERT INTO `jz_project_total` VALUES (999, '尹嘉伦', 'Xia Company Limited', 4, 200.29, 1000.00, '2020-04-15', 1);
INSERT INTO `jz_project_total` VALUES (1000, '孟子异', 'Yuning Toy Company Limited', 3, 537.41, 1000.00, '2020-12-29', 1);

SET FOREIGN_KEY_CHECKS = 1;
